file,reviewed_status,corrected_before,remark
Moreau100_GALL.xml,Y,Y,NA
Moreau13_GALL.xml,Y,Y,NA
Moreau14_GBOOKS.xml,Y,Y,NA
Moreau17_GBOOKS.xml,Y,Y,NA
Moreau18_GBOOKS.xml,Y,N,NA
Moreau19_GBOOKS.xml,Y,Y,NA
Moreau20_GALL.xml,Y,Y,NA
Moreau21_GALL.xml,Y,Y,NA
Moreau25_GBOOKS.xml,Y,Y,NA
Moreau27_MAZ.xml,Y,Y,NA
Moreau28_GBOOKS.xml,Y,Y,NA
Moreau29_GBOOKS.xml,Y,Y,NA
Moreau30_MAZ.xml,Y,Y,NA
Moreau32_GBOOKS.xml,Y,N,Latin/Greek. To get proofread.
Moreau36_GALL.xml,Y,Y,NA
Moreau37_GBOOKS.xml,Y,Y,misnumbering (page numbering restarted with n=1 when it should've been n=3)
Moreau38_GBOOKS.xml,Y,Y,NA
Moreau39_GBOOKS.xml,Y,Y,numbering starting at 2 even though it started at 1 in the pdf
Moreau3_MAZ.xml,Y,Y,NA
Moreau40_GALL.xml,Y,Y,NA
Moreau41_GBOOKS.xml,Y,Y,NA
Moreau42_MAZ.xml,Y,N,NA
Moreau43_GBOOKS.xml,Y,Y,numbering starting at 5 even though it started at 1 in the pdf
Moreau45_GALL.xml,Y,Y,NA
Moreau46_GBOOKS.xml,Y,Y,numbering starting at 7 even though it started at 1 in the pdf
Moreau47_GBOOKS.xml,Y,N,NA
Moreau50_GALL.xml,Y,Y,NA
Moreau52_GBOOKS.xml,Y,Y,NA
Moreau53_GALL.xml,Y,Y,NA
Moreau54_GBOOKS.xml,Y,Y,numbering starting at 2 even though it started at 1 in the pdf
Moreau55_GALL.xml,Y,Y,NA
Moreau56_GALL.xml,Y,Y,NA
Moreau59_MAZ.xml,Y,Y,numbering starting at 8 even though it started at 9 in the pdf
Moreau5_GALL.xml,Y,Y,numbering starting at 2 even though it started at 1 in the pdf
Moreau60_GBOOKS.xml,Y,Y,inconsistent numbering (jumps from 3 to 6) + really garbage quality OCR in places
Moreau61_GALL.xml,Y,Y,NA
Moreau63_GBOOKS.xml,Y,Y,NA
Moreau65_GALL.xml,Y,Y,NA
Moreau67_GBOOKS.xml,Y,Y,NA
Moreau68_GALL.xml,Y,N,handwritten note at the beginning that was not transcribed.
Moreau69_GBOOKS.xml,Y,Y,numbering starting at 6 even though it started at 1 in the pdf
Moreau70_GBOOKS.xml,Y,N,some parts of the OCR are illegible
Moreau71_GBOOKS.xml,Y,Y,NA
Moreau72_GBOOKS.xml,Y,N,numbering starting at 3 even though it started at 1 in the pdf
Moreau73_GALL.xml,Y,Y,NA
Moreau74_GALL.xml,Y,Y,numbering starting at 2 even though it started at 1 in the pdf
Moreau76_GBOOKS.xml,Y,Y,NA
Moreau78_GBOOKS.xml,Y,Y,NA
Moreau80_GBOOKS.xml,Y,Y,NA
Moreau81_MAZ.xml,Y,Y,NA
Moreau83_MAZ.xml,Y,Y,NA
Moreau84_GALL.xml,Y,Y,NA
Moreau85_GBOOKS.xml,Y,Y,numbering starting at 5 even though it started at 1 in the document
Moreau87_GBOOKS.xml,Y,N,NA
Moreau88_GBOOKS.xml,Y,Y,NA
Moreau8_GBOOKS.xml,Y,N,NA
Moreau90_GBOOKS.xml,Y,N,NA
Moreau91_GALL.xml,Y,Y,NA
Moreau93_GALL.xml,Y,Y,NA
Moreau95_GBOOKS.xml,Y,Y,NA
Moreau96_GBOOKS.xml,Y,N,numbering starting at 1 even though it started at 3 in the document
Moreau97_GBOOKS.xml," ",,NA
Moreau98_MAZ.xml," ",,NA
Moreau99_GBOOKS.xml," ",,NA
Moreau1001_GBOOKS.xml," ",,NA
Moreau1002_GBOOKS.xml," ",,NA
Moreau1003_GALL.xml," ",,NA
Moreau1004_GALL.xml," ",,NA
Moreau1005_GBOOKS.xml," ",,NA
Moreau1006_MAZ.xml," ",,NA
Moreau1007_GBOOKS.xml," ",,NA
Moreau1008_GBOOKS.xml," ",,NA
Moreau1009_MAZ.xml," ",,NA
Moreau1010_GBOOKS.xml," ",,NA
Moreau1012_GBOOKS.xml," ",,NA
Moreau1014_GBOOKS.xml," ",,NA
Moreau1016_GBOOKS.xml," ",,NA
Moreau1018_GBOOKS.xml," ",,NA
Moreau1019_GBOOKS.xml," ",,NA
Moreau1020_GBOOKS.xml," ",,NA
Moreau1021_GBOOKS.xml," ",,NA
Moreau1023_GBOOKS.xml," ",,NA
Moreau1024_GBOOKS.xml," ",,NA
Moreau1025_MAZ.xml," ",,NA
Moreau1027_GBOOKS.xml," ",,NA
Moreau1028_GALL.xml," ",,NA
Moreau1029_GBOOKS.xml," ",,NA
Moreau1030_GBOOKS.xml," ",,NA
Moreau1031_GALL.xml," ",,NA
Moreau1032_MAZ.xml," ",,NA
Moreau1034_GBOOKS.xml," ",,NA
Moreau1035_GBOOKS.xml," ",,NA
Moreau1036_GBOOKS.xml," ",,NA
Moreau1037_GBOOKS.xml," ",,NA
Moreau1038_GBOOKS.xml," ",,NA
Moreau1040_MAZ.xml," ",,NA
Moreau1041_GBOOKS.xml," ",,NA
Moreau1042_GBOOKS.xml," ",,NA
Moreau1043_GBOOKS.xml," ",,NA
Moreau1047_GBOOKS.xml," ",,NA
Moreau1049_GALL.xml," ",,NA
Moreau1050_GALL.xml," ",,NA
Moreau1051_GALL.xml," ",,NA
Moreau1052_GALL.xml," ",,NA
Moreau1053_GBOOKS.xml," ",,NA
Moreau1054_GBOOKS.xml," ",,NA
Moreau1056_GALL.xml," ",,NA
Moreau1057_GALL.xml," ",,NA
Moreau1059_GBOOKS.xml," ",,NA
Moreau1060_GBOOKS.xml," ",,NA
Moreau1063_GALL.xml," ",,NA
Moreau1064_GALL.xml," ",,NA
Moreau1066_MAZ.xml," ",,NA
Moreau1067_GBOOKS.xml," ",,NA
Moreau1068_GBOOKS.xml," ",,NA
Moreau1071_MAZ.xml," ",,NA
Moreau1072_MAZ.xml," ",,NA
Moreau1073_GALL.xml," ",,
Moreau1074_GBOOKS.xml," ",,
Moreau1077_GALL.xml," ",,
Moreau1078_MAZ.xml," ",,
Moreau1080_GBOOKS.xml," ",,
Moreau1081_GBOOKS.xml," ",,
Moreau1082_GBOOKS.xml," ",,
Moreau1084_GALL.xml," ",,
Moreau1085-i_MAZ.xml," ",,
Moreau1085-ii_MAZ.xml," ",,
Moreau1086_GALL.xml," ",,
Moreau1089_GBOOKS.xml," ",,
Moreau1090_GBOOKS.xml," ",,
Moreau1092_GALL.xml," ",,
Moreau1093_MAZ.xml," ",,
Moreau1094_GBOOKS.xml," ",,
Moreau1095_GBOOKS.xml," ",,
Moreau1096_GBOOKS.xml," ",,
Moreau1097_GBOOKS.xml," ",,
Moreau1098_GBOOKS.xml," ",,
Moreau1099_GBOOKS.xml," ",,
Moreau101_GBOOKS.xml," ",,
Moreau104_GBOOKS.xml," ",,
Moreau105_MAZ.xml," ",,
Moreau109_GBOOKS.xml," ",,
Moreau110_GBOOKS.xml," ",,
Moreau111_GBOOKS.xml," ",,
Moreau112_GBOOKS.xml," ",,
Moreau113_GBOOKS.xml," ",,
Moreau114_GALL.xml," ",,
Moreau115_GALL.xml," ",,
Moreau116_GALL.xml," ",,
Moreau117_GBOOKS.xml," ",,
Moreau118_GBOOKS.xml," ",,
Moreau119_GALL.xml," ",,
Moreau120_GBOOKS.xml," ",,
Moreau121_GALL.xml," ",,
Moreau122_GBOOKS.xml," ",,
Moreau123_GBOOKS.xml," ",,
Moreau124_GALL.xml," ",,
Moreau125_GBOOKS.xml," ",,
Moreau126_MAZ.xml," ",,
Moreau127_MAZ.xml," ",,
Moreau130_GBOOKS.xml," ",,
Moreau131_MAZ.xml," ",,
Moreau132_GBOOKS.xml," ",,
Moreau133_GBOOKS.xml," ",,
Moreau134_GALL.xml," ",,
Moreau135_MAZ.xml," ",,
Moreau137_GALL.xml," ",,
Moreau139_GBOOKS.xml," ",,
Moreau141_GBOOKS.xml," ",,
Moreau142_GBOOKS.xml," ",,
Moreau143_GALL.xml," ",,
Moreau144_MAZ.xml," ",,
Moreau146_MAZ.xml," ",,
Moreau147_MAZ.xml," ",,
Moreau148_MAZ.xml," ",,
Moreau150_MAZ.xml," ",,
Moreau151_MAZ.xml," ",,
Moreau153_MAZ.xml," ",,
Moreau157_MAZ.xml," ",,
Moreau158_MAZ.xml," ",,
Moreau161_MAZ.xml," ",,
Moreau162_GBOOKS.xml," ",,
Moreau163_MAZ.xml," ",,
Moreau164_MAZ.xml," ",,
Moreau166_MAZ.xml," ",,
Moreau167_MAZ.xml," ",,
Moreau168_MAZ.xml," ",,
Moreau169_MAZ.xml," ",,
Moreau171_MAZ.xml," ",,
Moreau177_MAZ.xml," ",,
Moreau178_MAZ.xml," ",,
Moreau179_MAZ.xml," ",,
Moreau180_MAZ.xml," ",,
Moreau181_MAZ.xml," ",,
Moreau182_MAZ.xml," ",,
Moreau184_MAZ.xml," ",,
Moreau186_MAZ.xml," ",,
Moreau187_MAZ.xml," ",,
Moreau188_MAZ.xml," ",,
Moreau189_MAZ.xml," ",,
Moreau190_MAZ.xml," ",,
Moreau192_MAZ.xml," ",,
Moreau194_MAZ.xml," ",,
Moreau195_MAZ.xml," ",,
Moreau196_MAZ.xml," ",,
Moreau197_MAZ.xml," ",,
Moreau198_MAZ.xml," ",,
Moreau199_MAZ.xml," ",,
Moreau200_MAZ.xml," ",,
Moreau1101_GBOOKS.xml," ",,
Moreau1102_MAZ.xml," ",,
Moreau1104_MAZ.xml," ",,
Moreau1106_GBOOKS.xml," ",,
Moreau1107_MAZ.xml," ",,
Moreau1108_GBOOKS.xml," ",,
Moreau1109_GBOOKS.xml," ",,
Moreau1111_GBOOKS.xml," ",,
Moreau1112_GBOOKS.xml," ",,
Moreau1113_MAZ.xml," ",,
Moreau1114_GBOOKS.xml," ",,
Moreau1115_MAZ.xml," ",,
Moreau1116_GBOOKS.xml," ",,
Moreau1117_GALL.xml," ",,
Moreau1118_GBOOKS.xml," ",,
Moreau1120_MAZ.xml," ",,
Moreau1121_GALL.xml," ",,
Moreau1122_GBOOKS.xml," ",,
Moreau1123_GBOOKS.xml," ",,
Moreau1124_MAZ.xml," ",,
Moreau1125_MAZ.xml," ",,
Moreau1126_GBOOKS.xml," ",,
Moreau1129_GBOOKS.xml," ",,
Moreau1130_GBOOKS.xml," ",,
Moreau1131_GBOOKS.xml," ",,
Moreau1133_MAZ.xml," ",,
Moreau1134_GBOOKS.xml," ",,
Moreau1135_GBOOKS.xml," ",,
Moreau1136_GBOOKS.xml," ",,
Moreau1137_GBOOKS.xml," ",,
Moreau1138_GBOOKS.xml," ",,
Moreau1139_GBOOKS.xml," ",,
Moreau1140_GBOOKS.xml," ",,
Moreau1141_GALL.xml," ",,
Moreau1142_GBOOKS.xml," ",,
Moreau1143_GBOOKS.xml," ",,
Moreau1144_GBOOKS.xml," ",,
Moreau1145_GBOOKS.xml," ",,
Moreau1146_GBOOKS.xml," ",,
Moreau1147_MAZ.xml," ",,
Moreau1148_GBOOKS.xml," ",,
Moreau1151_GBOOKS.xml," ",,
Moreau1152_GBOOKS.xml," ",,
Moreau1154_GALL.xml," ",,
Moreau1156_GBOOKS.xml," ",,
Moreau1157_GBOOKS.xml," ",,
Moreau1159_GBOOKS.xml," ",,
Moreau1160_GBOOKS.xml," ",,
Moreau1161_GALL.xml," ",,
Moreau1163_GALL.xml," ",,
Moreau1164_MAZ.xml," ",,
Moreau1165_GBOOKS.xml," ",,
Moreau1166_GBOOKS.xml," ",,
Moreau1167_GBOOKS.xml," ",,
Moreau1168_GBOOKS.xml," ",,
Moreau1170_GALL.xml," ",,
Moreau1172_GALL.xml," ",,
Moreau1173_GBOOKS.xml," ",,
Moreau1174_MAZ.xml," ",,
Moreau1175_GBOOKS.xml," ",,
Moreau1176_GBOOKS.xml," ",,
Moreau1177_MAZ.xml," ",,
Moreau1178_GBOOKS.xml," ",,
Moreau1179_GALL.xml," ",,
Moreau1180_MAZ.xml," ",,
Moreau1181_GALL.xml," ",,
Moreau1182_GBOOKS.xml," ",,
Moreau1183_MAZ.xml," ",,
Moreau1184_MAZ.xml," ",,
Moreau1185_GBOOKS.xml," ",,
Moreau1199_GBOOKS.xml," ",,
Moreau1200_GALL.xml," ",,
Moreau1202_GALL.xml," ",,
Moreau1204_GALL.xml," ",,
Moreau1206_GALL.xml," ",,
Moreau1210_GBOOKS.xml," ",,
Moreau1211_GBOOKS.xml," ",,
Moreau1213_GBOOKS.xml," ",,
Moreau1216_MAZ.xml," ",,
Moreau1217_GBOOKS.xml," ",,
Moreau1218_GBOOKS.xml," ",,
Moreau1220_GBOOKS.xml," ",,
Moreau1224_GALL.xml," ",,
Moreau1225_GBOOKS.xml," ",,
Moreau1227_MAZ.xml," ",,
Moreau1228_GALL.xml," ",,
Moreau1229_GALL.xml," ",,
Moreau1235_GALL.xml," ",,
Moreau1239_GALL.xml," ",,
Moreau1240_GALL.xml," ",,
Moreau1241_GBOOKS.xml," ",,
Moreau1242_GBOOKS.xml," ",,
Moreau1244_GBOOKS.xml," ",,
Moreau1247_MAZ.xml," ",,
Moreau1248_GBOOKS.xml," ",,
Moreau1249_GBOOKS.xml," ",,
Moreau1251_GBOOKS.xml," ",,
Moreau1252_GALL.xml," ",,
Moreau1253_GBOOKS.xml," ",,
Moreau1255_GBOOKS.xml," ",,
Moreau1256_MAZ.xml," ",,
Moreau1257_GBOOKS.xml," ",,
Moreau1258_GBOOKS.xml," ",,
Moreau1259_GBOOKS.xml," ",,
Moreau1260_GBOOKS.xml," ",,
Moreau1261_GALL.xml," ",,
Moreau1263_GALL.xml," ",,
Moreau1264_GBOOKS.xml," ",,
Moreau1265_GBOOKS.xml," ",,
Moreau1266_MAZ.xml," ",,
Moreau1267_GALL.xml," ",,
Moreau1268_GALL.xml," ",,
Moreau1271_GBOOKS.xml," ",,
Moreau1272_GBOOKS.xml," ",,
Moreau1274_GALL.xml," ",,
Moreau1275_GBOOKS.xml," ",,
Moreau1276_GBOOKS.xml," ",,
Moreau1278_GBOOKS.xml," ",,
Moreau1279_GBOOKS.xml," ",,
Moreau1280_GBOOKS.xml," ",,
Moreau1282_MAZ.xml," ",,
Moreau1283_MAZ.xml," ",,
Moreau1284_GBOOKS.xml," ",,
Moreau1285_GBOOKS.xml," ",,
Moreau1287_GBOOKS.xml," ",,
Moreau1288_GBOOKS.xml," ",,
Moreau1289_GBOOKS.xml," ",,
Moreau1290_GBOOKS.xml," ",,
Moreau1292_GBOOKS.xml," ",,
Moreau1293_GBOOKS.xml," ",,
Moreau1294_GBOOKS.xml," ",,
Moreau1295_GBOOKS.xml," ",,
Moreau1298_MAZ.xml," ",,
Moreau1299_GBOOKS.xml," ",,
Moreau1300_GBOOKS.xml," ",,
Moreau1301_GBOOKS.xml," ",,
Moreau1305_GBOOKS.xml," ",,
Moreau1306_GBOOKS.xml," ",,
Moreau1307_GALL.xml," ",,
Moreau1308_GALL.xml," ",,
Moreau1309_GBOOKS.xml," ",,
Moreau1310_GBOOKS.xml," ",,
Moreau1311_GBOOKS.xml," ",,
Moreau1312_GBOOKS.xml," ",,
Moreau1313_GBOOKS.xml," ",,
Moreau1314_MAZ.xml," ",,
Moreau1317_GBOOKS.xml," ",,
Moreau1318_GBOOKS.xml," ",,
Moreau1320_MAZ.xml," ",,
Moreau1321_GBOOKS.xml," ",,
Moreau1322_GALL.xml," ",,
Moreau1323_GALL.xml," ",,
Moreau1324_MAZ.xml," ",,
Moreau1326_GBOOKS.xml," ",,
Moreau1327_GBOOKS.xml," ",,
Moreau1328_GBOOKS.xml," ",,
Moreau1329_GBOOKS.xml," ",,
Moreau1331_MAZ.xml," ",,
Moreau1332_MAZ.xml," ",,
Moreau1334_GBOOKS.xml," ",,
Moreau1336_GALL.xml," ",,
Moreau1337_GALL.xml," ",,
Moreau1338_GBOOKS.xml," ",,
Moreau1342_GBOOKS.xml," ",,
Moreau1343_GBOOKS.xml," ",,
Moreau1349_GBOOKS.xml," ",,
Moreau1351_GBOOKS.xml," ",,
Moreau1352_GBOOKS.xml," ",,
Moreau1353_MAZ.xml," ",,
Moreau1354_GBOOKS.xml," ",,
Moreau1355_GBOOKS.xml," ",,
Moreau1356_GBOOKS.xml," ",,
Moreau1357_GALL.xml," ",,
Moreau1359_MAZ.xml," ",,
Moreau1360_GBOOKS.xml," ",,
Moreau1361_GALL.xml," ",,
Moreau1362_GBOOKS.xml," ",,
Moreau1365_MAZ.xml," ",,
Moreau1366_MAZ.xml," ",,
Moreau1367_MAZ.xml," ",,
Moreau1368_MAZ.xml," ",,
Moreau1370_MAZ.xml," ",,
Moreau1371_GALL.xml," ",,
Moreau1372_GALL.xml," ",,
Moreau1374_GBOOKS.xml," ",,
Moreau1375_GBOOKS.xml," ",,
Moreau1376_MAZ.xml," ",,
Moreau1377_GBOOKS.xml," ",,
Moreau1379_GBOOKS.xml," ",,
Moreau1380_GALL.xml," ",,
Moreau1382_GBOOKS.xml," ",,
Moreau1386_GBOOKS.xml," ",,
Moreau1388_GBOOKS.xml," ",,
Moreau1389_GBOOKS.xml," ",,
Moreau1391_GBOOKS.xml," ",,
Moreau1392_GBOOKS.xml," ",,
Moreau1393_GBOOKS.xml," ",,
Moreau1394_MAZ.xml," ",,
Moreau1395_GBOOKS.xml," ",,
Moreau1396_GBOOKS.xml," ",,
Moreau1397_GBOOKS.xml," ",,
Moreau1398_GALL.xml," ",,
Moreau1400_GBOOKS.xml," ",,
Moreau1401_MAZ.xml," ",,
Moreau1402_GBOOKS.xml," ",,
Moreau1403_GBOOKS.xml," ",,
Moreau1404_MAZ.xml," ",,
Moreau1406_GBOOKS.xml," ",,
Moreau1407_GBOOKS.xml," ",,
Moreau1408_GBOOKS.xml," ",,
Moreau1410_MAZ.xml," ",,
Moreau1411_GBOOKS.xml," ",,
Moreau1413_GBOOKS.xml," ",,
Moreau1415_GBOOKS.xml," ",,
Moreau1416_GALL.xml," ",,
Moreau1417_GBOOKS.xml," ",,
Moreau1419_GALL.xml," ",,
Moreau1422_GBOOKS.xml," ",,
Moreau1423_GBOOKS.xml," ",,
Moreau1424_GALL.xml," ",,
Moreau1425_GBOOKS.xml," ",,
Moreau1426_GBOOKS.xml," ",,
Moreau1427_GBOOKS.xml," ",,
Moreau1428_GBOOKS.xml," ",,
Moreau1429_GBOOKS.xml," ",,
Moreau1431_MAZ.xml," ",,
Moreau1432_GBOOKS.xml," ",,
Moreau1434_GBOOKS.xml," ",,
Moreau1435_MAZ.xml," ",,
Moreau1438_GBOOKS.xml," ",,
Moreau1439_GALL.xml," ",,
Moreau1441_GBOOKS.xml," ",,
Moreau1442_GBOOKS.xml," ",,
Moreau1445_GBOOKS.xml," ",,
Moreau1446_GBOOKS.xml," ",,
Moreau1447_MAZ.xml," ",,
Moreau1448_MAZ.xml," ",,
Moreau1449_GBOOKS.xml," ",,
Moreau1450_GBOOKS.xml," ",,
Moreau1452-i_MAZ.xml," ",,
Moreau1452-ii_MAZ.xml," ",,
Moreau1453_GBOOKS.xml," ",,
Moreau1454_GBOOKS.xml," ",,
Moreau1455_GALL.xml," ",,
Moreau1457_GBOOKS.xml," ",,
Moreau1459_GBOOKS.xml," ",,
Moreau1460_GBOOKS.xml," ",,
Moreau1461_MAZ.xml," ",,
Moreau1462_GBOOKS.xml," ",,
Moreau1463_GBOOKS.xml," ",,
Moreau1464_GBOOKS.xml," ",,
Moreau1465_GBOOKS.xml," ",,
Moreau1467_GBOOKS.xml," ",,
Moreau1469_GALL.xml," ",,
Moreau1470_GBOOKS.xml," ",,
Moreau1471-i_MAZ.xml," ",,
Moreau1471-ii_MAZ.xml," ",,
Moreau1471-iii_MAZ.xml," ",,
Moreau1471-iv_MAZ.xml," ",,
Moreau1471-v_MAZ.xml," ",,
Moreau1472_MAZ.xml," ",,
Moreau1473_GBOOKS.xml," ",,
Moreau1475_GBOOKS.xml," ",,
Moreau1477_MAZ.xml," ",,
Moreau1478_GBOOKS.xml," ",,
Moreau1479_GBOOKS.xml," ",,
Moreau1482_GBOOKS.xml," ",,
Moreau1483_GBOOKS.xml," ",,
Moreau1484_GBOOKS.xml," ",,
Moreau1487_GBOOKS.xml," ",,
Moreau1488_GBOOKS.xml," ",,
Moreau1489_GBOOKS.xml," ",,
Moreau1490_GBOOKS.xml," ",,
Moreau1491_GBOOKS.xml," ",,
Moreau1493_GBOOKS.xml," ",,
Moreau1496_GBOOKS.xml," ",,
Moreau1497_GBOOKS.xml," ",,
Moreau1498_GBOOKS.xml," ",,
Moreau1499_GBOOKS.xml," ",,
Moreau1500_MAZ.xml," ",,
Moreau1501_GBOOKS.xml," ",,
Moreau1503_GBOOKS.xml," ",,
Moreau1504_GALL.xml," ",,
Moreau1505_GBOOKS.xml," ",,
Moreau1507_GBOOKS.xml," ",,
Moreau1508_GBOOKS.xml," ",,
Moreau1509_GALL.xml," ",,
Moreau1510_GBOOKS.xml," ",,
Moreau1512_GBOOKS.xml," ",,
Moreau1513_GBOOKS.xml," ",,
Moreau1514_GBOOKS.xml," ",,
Moreau1515_MAZ.xml," ",,
Moreau1517_GBOOKS.xml," ",,
Moreau1519_GBOOKS.xml," ",,
Moreau1521_GALL.xml," ",,
Moreau1522_MAZ.xml," ",,
Moreau1524_GBOOKS.xml," ",,
Moreau1525_GBOOKS.xml," ",,
Moreau1526_GBOOKS.xml," ",,
Moreau1528_GBOOKS.xml," ",,
Moreau1530_GBOOKS.xml," ",,
Moreau1531_GBOOKS.xml," ",,
Moreau1532_GBOOKS.xml," ",,
Moreau1533_GBOOKS.xml," ",,
Moreau1535_GBOOKS.xml," ",,
Moreau1536_GBOOKS.xml," ",,
Moreau1538_MAZ.xml," ",,
Moreau1539_GBOOKS.xml," ",,
Moreau1540_GBOOKS.xml," ",,
Moreau1541_GBOOKS.xml," ",,
Moreau1543_GALL.xml," ",,
Moreau1544_GBOOKS.xml," ",,
Moreau1545_GBOOKS.xml," ",,
Moreau1547_GBOOKS.xml," ",,
Moreau1548_GBOOKS.xml," ",,
Moreau1549_GBOOKS.xml," ",,
Moreau1551_GBOOKS.xml," ",,
Moreau1552_GBOOKS.xml," ",,
Moreau1553_GBOOKS.xml," ",,
Moreau1554_GBOOKS.xml," ",,
Moreau1555_GBOOKS.xml," ",,
Moreau1556_GBOOKS.xml," ",,
Moreau1557_GBOOKS.xml," ",,
Moreau1558_GBOOKS.xml," ",,
Moreau1559_GBOOKS.xml," ",,
Moreau1560_GBOOKS.xml," ",,
Moreau1562_GBOOKS.xml," ",,
Moreau1563_GALL.xml," ",,
Moreau1564_GALL.xml," ",,
Moreau1565_GBOOKS.xml," ",,
Moreau1566_GBOOKS.xml," ",,
Moreau1568_MAZ.xml," ",,
Moreau1569_GBOOKS.xml," ",,
Moreau1570_GBOOKS.xml," ",,
Moreau1573_GBOOKS.xml," ",,
Moreau1574_GBOOKS.xml," ",,
Moreau1576_GBOOKS.xml," ",,
Moreau1578_GBOOKS.xml," ",,
Moreau1579_GBOOKS.xml," ",,
Moreau1580_GBOOKS.xml," ",,
Moreau1582_GBOOKS.xml," ",,
Moreau1586_GBOOKS.xml," ",,
Moreau1589_GBOOKS.xml," ",,
Moreau1592_GBOOKS.xml," ",,
Moreau1593_GBOOKS.xml," ",,
Moreau1595_GBOOKS.xml," ",,
Moreau1596_GBOOKS.xml," ",,
Moreau1597_GBOOKS.xml," ",,
Moreau1598_GBOOKS.xml," ",,
Moreau1600_GBOOKS.xml," ",,
Moreau1603_GBOOKS.xml," ",,
Moreau1604_GALL.xml," ",,
Moreau1605_GBOOKS.xml," ",,
Moreau1606_GBOOKS.xml," ",,
Moreau1607_GBOOKS.xml," ",,
Moreau1608_GBOOKS.xml," ",,
Moreau1611_MAZ.xml," ",,
Moreau1612_GBOOKS.xml," ",,
Moreau1614_GBOOKS.xml," ",,
Moreau1616_GBOOKS.xml," ",,
Moreau1617_GBOOKS.xml," ",,
Moreau1619_GBOOKS.xml," ",,
Moreau1620_GALL.xml," ",,
Moreau1621_GBOOKS.xml," ",,
Moreau1622_GBOOKS.xml," ",,
Moreau1623_GBOOKS.xml," ",,
Moreau1624_GBOOKS.xml," ",,
Moreau1626_GBOOKS.xml," ",,
Moreau1627_GBOOKS.xml," ",,
Moreau1630_GBOOKS.xml," ",,
Moreau1631_GBOOKS.xml," ",,
Moreau1633_MAZ.xml," ",,
Moreau1634_GBOOKS.xml," ",,
Moreau1637_GALL.xml," ",,
Moreau1638_GALL.xml," ",,
Moreau1639_GBOOKS.xml," ",,
Moreau1643_GBOOKS.xml," ",,
Moreau1644_MAZ.xml," ",,
Moreau1645_MAZ.xml," ",,
Moreau1648_BnF.xml," ",,
Moreau1649_MAZ.xml," ",,
Moreau1650_MAZ.xml," ",,
Moreau1652_GALL.xml," ",,
Moreau1653_GBOOKS.xml," ",,
Moreau1655_GALL.xml," ",,
Moreau1656_MAZ.xml," ",,
Moreau1657_GBOOKS.xml," ",,
Moreau1658_GBOOKS.xml," ",,
Moreau1659_MAZ.xml," ",,
Moreau1660_GBOOKS.xml," ",,
Moreau1662_GBOOKS.xml," ",,
Moreau1663_GBOOKS.xml," ",,
Moreau1664_GBOOKS.xml," ",,
Moreau1665_GALL.xml," ",,
Moreau1666_GBOOKS.xml," ",,
Moreau1667_GALL.xml," ",,
Moreau1668_GBOOKS.xml," ",,
Moreau1669_GALL.xml," ",,
Moreau1670_GALL.xml," ",,
Moreau1671_GBOOKS.xml," ",,
Moreau1672_GALL.xml," ",,
Moreau1673_MAZ.xml," ",,
Moreau1674_MAZ.xml," ",,
Moreau1675_GBOOKS.xml," ",,
Moreau1676_GBOOKS.xml," ",,
Moreau1677_GALL.xml," ",,
Moreau1678_GBOOKS.xml," ",,
Moreau1679_MAZ.xml," ",,
Moreau1680_GALL.xml," ",,
Moreau1684_GBOOKS.xml," ",,
Moreau1686_GALL.xml," ",,
Moreau1687_GALL.xml," ",,
Moreau1688_GBOOKS.xml," ",,
Moreau1690_GBOOKS.xml," ",,
Moreau1691_GBOOKS.xml," ",,
Moreau1693_GBOOKS.xml," ",,
Moreau1694_MAZ.xml," ",,
Moreau1695_GBOOKS.xml," ",,
Moreau1696_GBOOKS.xml," ",,
Moreau1697_GBOOKS.xml," ",,
Moreau1698_GBOOKS.xml," ",,
Moreau1699_GBOOKS.xml," ",,
Moreau1700_GBOOKS.xml," ",,
Moreau1702_GBOOKS.xml," ",,
Moreau1703_GBOOKS.xml," ",,
Moreau1704_GALL.xml," ",,
Moreau1705_GBOOKS.xml," ",,
Moreau1706_GALL.xml," ",,
Moreau1708_GBOOKS.xml," ",,
Moreau1709_GBOOKS.xml," ",,
Moreau1710_GBOOKS.xml," ",,
Moreau1712_GBOOKS.xml," ",,
Moreau1713_GBOOKS.xml," ",,
Moreau1714_GBOOKS.xml," ",,
Moreau1715_GBOOKS.xml," ",,
Moreau1716_GBOOKS.xml," ",,
Moreau1718_GBOOKS.xml," ",,
Moreau1719_GBOOKS.xml," ",,
Moreau1721_GALL.xml," ",,
Moreau1722_GBOOKS.xml," ",,
Moreau1724_GBOOKS.xml," ",,
Moreau1725_GBOOKS.xml," ",,
Moreau1729_GALL.xml," ",,
Moreau1730_GALL.xml," ",,
Moreau1731_GBOOKS.xml," ",,
Moreau1732_GBOOKS.xml," ",,
Moreau1733_GBOOKS.xml," ",,
Moreau1734_MAZ.xml," ",,
Moreau1735_GBOOKS.xml," ",,
Moreau1736_GALL.xml," ",,
Moreau1737_GBOOKS.xml," ",,
Moreau1739_GBOOKS.xml," ",,
Moreau1740_GALL.xml," ",,
Moreau1741_GBOOKS.xml," ",,
Moreau1742_GBOOKS.xml," ",,
Moreau1743_GBOOKS.xml," ",,
Moreau1745_GBOOKS.xml," ",,
Moreau1746_GBOOKS.xml," ",,
Moreau1748_GBOOKS.xml," ",,
Moreau1749_GBOOKS.xml," ",,
Moreau1750_GBOOKS.xml," ",,
Moreau1751_GBOOKS.xml," ",,
Moreau1752_GBOOKS.xml," ",,
Moreau1753_GBOOKS.xml," ",,
Moreau1754_GBOOKS.xml," ",,
Moreau1757_GBOOKS.xml," ",,
Moreau1758_GBOOKS.xml," ",,
Moreau1759_GALL.xml," ",,
Moreau1760_GBOOKS.xml," ",,
Moreau1761_GALL.xml," ",,
Moreau1762_GBOOKS.xml," ",,
Moreau1763_GALL.xml," ",,
Moreau1764_GBOOKS.xml," ",,
Moreau1766_GBOOKS.xml," ",,
Moreau1767_GBOOKS.xml," ",,
Moreau1768_GBOOKS.xml," ",,
Moreau1769_GBOOKS.xml," ",,
Moreau1771_GBOOKS.xml," ",,
Moreau1773_GALL.xml," ",,
Moreau1774_GALL.xml," ",,
Moreau1778_GALL.xml," ",,
Moreau1779_GBOOKS.xml," ",,
Moreau1780_GBOOKS.xml," ",,
Moreau1781_GBOOKS.xml," ",,
Moreau1782_GBOOKS.xml," ",,
Moreau1784_GBOOKS.xml," ",,
Moreau1785_GBOOKS.xml," ",,
Moreau1786_GBOOKS.xml," ",,
Moreau1788_GALL.xml," ",,
Moreau1789_GBOOKS.xml," ",,
Moreau1790_GBOOKS.xml," ",,
Moreau1792_GBOOKS.xml," ",,
Moreau1793_GBOOKS.xml," ",,
Moreau1794_GBOOKS.xml," ",,
Moreau1796_GBOOKS.xml," ",,
Moreau1797_GBOOKS.xml," ",,
Moreau1798_GBOOKS.xml," ",,
Moreau1799_GALL.xml," ",,
Moreau1800_GALL.xml," ",,
Moreau1803_GBOOKS.xml," ",,
Moreau1805_GBOOKS.xml," ",,
Moreau1806_GALL.xml," ",,
Moreau1807_GBOOKS.xml," ",,
Moreau1808_GBOOKS.xml," ",,
Moreau1810_MAZ.xml," ",,
Moreau1812_GBOOKS.xml," ",,
Moreau1813_MAZ.xml," ",,
Moreau1815_GBOOKS.xml," ",,
Moreau1816_MAZ.xml," ",,
Moreau1817_GBOOKS.xml," ",,
Moreau1819_GBOOKS.xml," ",,
Moreau1820_GBOOKS.xml," ",,
Moreau1823_GBOOKS.xml," ",,
Moreau1825_GBOOKS.xml," ",,
Moreau1826_GBOOKS.xml," ",,
Moreau1827_GBOOKS.xml," ",,
Moreau1828_GBOOKS.xml," ",,
Moreau1829_GBOOKS.xml," ",,
Moreau1830_GBOOKS.xml," ",,
Moreau1831_GBOOKS.xml," ",,
Moreau1832_GBOOKS.xml," ",,
Moreau1835_GBOOKS.xml," ",,
Moreau1836_GBOOKS.xml," ",,
Moreau1837_GBOOKS.xml," ",,
Moreau1839_GBOOKS.xml," ",,
Moreau1840_GBOOKS.xml," ",,
Moreau1843_MAZ.xml," ",,
Moreau1844_GBOOKS.xml," ",,
Moreau1846_GBOOKS.xml," ",,
Moreau1848_GBOOKS.xml," ",,
Moreau1849_GBOOKS.xml," ",,
Moreau1850_GBOOKS.xml," ",,
Moreau1851_GBOOKS.xml," ",,
Moreau1852_GBOOKS.xml," ",,
Moreau1854_GBOOKS.xml," ",,
Moreau1858_GBOOKS.xml," ",,
Moreau1861_GBOOKS.xml," ",,
Moreau1862_GBOOKS.xml," ",,
Moreau1863_GBOOKS.xml," ",,
Moreau1864_GBOOKS.xml," ",,
Moreau1865_MAZ.xml," ",,
Moreau1866_MAZ.xml," ",,
Moreau1867_GBOOKS.xml," ",,
Moreau1868_GBOOKS.xml," ",,
Moreau1869_GBOOKS.xml," ",,
Moreau1870_GBOOKS.xml," ",,
Moreau1871_GBOOKS.xml," ",,
Moreau1873_GBOOKS.xml," ",,
Moreau1874_GBOOKS.xml," ",,
Moreau1875_GBOOKS.xml," ",,
Moreau1876_GBOOKS.xml," ",,
Moreau1877_GBOOKS.xml," ",,
Moreau1878_MAZ.xml," ",,
Moreau1879_GBOOKS.xml," ",,
Moreau1880_GBOOKS.xml," ",,
Moreau1881_GBOOKS.xml," ",,
Moreau1882_GBOOKS.xml," ",,
Moreau1883_MAZ.xml," ",,
Moreau1884_GBOOKS.xml," ",,
Moreau1885_GBOOKS.xml," ",,
Moreau1886_GBOOKS.xml," ",,
Moreau1887_GBOOKS.xml," ",,
Moreau1888_GBOOKS.xml," ",,
Moreau1890_GALL.xml," ",,
Moreau1891_GBOOKS.xml," ",,
Moreau1892_GBOOKS.xml," ",,
Moreau1893_GBOOKS.xml," ",,
Moreau1894_GBOOKS.xml," ",,
Moreau1895_MAZ.xml," ",,
Moreau1896_GBOOKS.xml," ",,
Moreau1897_GBOOKS.xml," ",,
Moreau1898_GBOOKS.xml," ",,
Moreau1899_GBOOKS.xml," ",,
Moreau1900_GBOOKS.xml," ",,
Moreau1901_GBOOKS.xml," ",,
Moreau1902_GBOOKS.xml," ",,
Moreau1903_GBOOKS.xml," ",,
Moreau1904_GBOOKS.xml," ",,
Moreau1906_GBOOKS.xml," ",,
Moreau1910_GBOOKS.xml," ",,
Moreau1911_GBOOKS.xml," ",,
Moreau1913_GBOOKS.xml," ",,
Moreau1915_GBOOKS.xml," ",,
Moreau1916_GBOOKS.xml," ",,
Moreau1917_MAZ.xml," ",,
Moreau1919_GBOOKS.xml," ",,
Moreau1921_MAZ.xml," ",,
Moreau1922_MAZ.xml," ",,
Moreau1923_MAZ.xml," ",,
Moreau1928_MAZ.xml," ",,
Moreau1931_GBOOKS.xml," ",,
Moreau1932_GBOOKS.xml," ",,
Moreau1935_GBOOKS.xml," ",,
Moreau1936_GBOOKS.xml," ",,
Moreau1937_MAZ.xml," ",,
Moreau1938_GBOOKS.xml," ",,
Moreau1939_GBOOKS.xml," ",,
Moreau1940_GBOOKS.xml," ",,
Moreau1942_GBOOKS.xml," ",,
Moreau1943_GBOOKS.xml," ",,
Moreau1945_GBOOKS.xml," ",,
Moreau1948_GALL.xml," ",,
Moreau1949_GBOOKS.xml," ",,
Moreau1950_GBOOKS.xml," ",,
Moreau1951_GBOOKS.xml," ",,
Moreau1952_GBOOKS.xml," ",,
Moreau1954_MAZ.xml," ",,
Moreau1957_GBOOKS.xml," ",,
Moreau1959_GBOOKS.xml," ",,
Moreau1960_GBOOKS.xml," ",,
Moreau1961_GBOOKS.xml," ",,
Moreau1962_GBOOKS.xml," ",,
Moreau1964_GBOOKS.xml," ",,
Moreau1965_GBOOKS.xml," ",,
Moreau1966_GBOOKS.xml," ",,
Moreau1968_GBOOKS.xml," ",,
Moreau1970_GBOOKS.xml," ",,
Moreau1971_GBOOKS.xml," ",,
Moreau1972_GBOOKS.xml," ",,
Moreau1973_GBOOKS.xml," ",,
Moreau1974_GBOOKS.xml," ",,
Moreau1975_GBOOKS.xml," ",,
Moreau1985_MAZ.xml," ",,
Moreau1986_MAZ.xml," ",,
Moreau1990_GBOOKS.xml," ",,
Moreau1991_GALL.xml," ",,
Moreau1994_GBOOKS.xml," ",,
Moreau1998_GBOOKS.xml," ",,
Moreau2001_GBOOKS.xml," ",,
Moreau2003_GBOOKS.xml," ",,
Moreau2004_MAZ.xml," ",,
Moreau2005_GBOOKS.xml," ",,
Moreau2006_MAZ.xml," ",,
Moreau2007_MAZ.xml," ",,
Moreau2008_GBOOKS.xml," ",,
Moreau2009_GBOOKS.xml," ",,
Moreau2011_GBOOKS.xml," ",,
Moreau2012_GBOOKS.xml," ",,
Moreau2013_GBOOKS.xml," ",,
Moreau2017_MAZ.xml," ",,
Moreau2019_GBOOKS.xml," ",,
Moreau2020_GBOOKS.xml," ",,
Moreau2021_GBOOKS.xml," ",,
Moreau2022_GBOOKS.xml," ",,
Moreau2023_GBOOKS.xml," ",,
Moreau2026_GBOOKS.xml," ",,
Moreau2028_GBOOKS.xml," ",,
Moreau2029_GALL.xml," ",,
Moreau2030_GBOOKS.xml," ",,
Moreau2032_MAZ.xml," ",,
Moreau2033_MAZ.xml," ",,
Moreau2034_GBOOKS.xml," ",,
Moreau2037_GBOOKS.xml," ",,
Moreau2040_GBOOKS.xml," ",,
Moreau2041_GBOOKS.xml," ",,
Moreau2042_GBOOKS.xml," ",,
Moreau2043_GBOOKS.xml," ",,
Moreau2045_GBOOKS.xml," ",,
Moreau2046_GBOOKS.xml," ",,
Moreau2047_GBOOKS.xml," ",,
Moreau2048_GBOOKS.xml," ",,
Moreau2049_GALL.xml," ",,
Moreau2050_GBOOKS.xml," ",,
Moreau2051_GBOOKS.xml," ",,
Moreau2053_GBOOKS.xml," ",,
Moreau2054_MAZ.xml," ",,
Moreau2055_GBOOKS.xml," ",,
Moreau2056_GBOOKS.xml," ",,
Moreau2059_GBOOKS.xml," ",,
Moreau2060_GBOOKS.xml," ",,
Moreau2061_GBOOKS.xml," ",,
Moreau2066_GBOOKS.xml," ",,
Moreau2067_GBOOKS.xml," ",,
Moreau2068_GBOOKS.xml," ",,
Moreau2069_GBOOKS.xml," ",,
Moreau2071_GBOOKS.xml," ",,
Moreau2072_GBOOKS.xml," ",,
Moreau2073_GBOOKS.xml," ",,
Moreau2074_GBOOKS.xml," ",,
Moreau2076_GBOOKS.xml," ",,
Moreau2079_GBOOKS.xml," ",,
Moreau2080_GBOOKS.xml," ",,
Moreau2081_GALL.xml," ",,
Moreau2082_GBOOKS.xml," ",,
Moreau2083_GBOOKS.xml," ",,
Moreau2084_GBOOKS.xml," ",,
Moreau2086_GBOOKS.xml," ",,
Moreau2088_GBOOKS.xml," ",,
Moreau2092_MAZ.xml," ",,
Moreau2093_MAZ.xml," ",,
Moreau2094_GBOOKS.xml," ",,
Moreau2095_GBOOKS.xml," ",,
Moreau2096_GBOOKS.xml," ",,
Moreau2097_GBOOKS.xml," ",,
Moreau2098_GBOOKS.xml," ",,
Moreau2099-i_MAZ.xml," ",,
Moreau2099-ii_MAZ.xml," ",,
Moreau2099-iii_MAZ.xml," ",,
Moreau2100_GBOOKS.xml," ",,
Moreau203_MAZ.xml," ",,
Moreau204_GBOOKS.xml," ",,
Moreau206_MAZ.xml," ",,
Moreau207_MAZ.xml," ",,
Moreau208_MAZ.xml," ",,
Moreau209_MAZ.xml," ",,
Moreau210_MAZ.xml," ",,
Moreau211_MAZ.xml," ",,
Moreau212_MAZ.xml," ",,
Moreau213_MAZ.xml," ",,
Moreau214_MAZ.xml," ",,
Moreau215_GBOOKS.xml," ",,
Moreau216_MAZ.xml," ",,
Moreau217_MAZ.xml," ",,
Moreau218_GBOOKS.xml," ",,
Moreau219_MAZ.xml," ",,
Moreau220_MAZ.xml," ",,
Moreau221_MAZ.xml," ",,
Moreau222_MAZ.xml," ",,
Moreau223_MAZ.xml," ",,
Moreau224_GBOOKS.xml," ",,
Moreau225_MAZ.xml," ",,
Moreau226_MAZ.xml," ",,
Moreau227_MAZ.xml," ",,
Moreau228_MAZ.xml," ",,
Moreau229_MAZ.xml," ",,
Moreau230_MAZ.xml," ",,
Moreau231_MAZ.xml," ",,
Moreau232_MAZ.xml," ",,
Moreau233_MAZ.xml," ",,
Moreau234_MAZ.xml," ",,
Moreau235_MAZ.xml," ",,
Moreau236_MAZ.xml," ",,
Moreau237_MAZ.xml," ",,
Moreau238_MAZ.xml," ",,
Moreau239_MAZ.xml," ",,
Moreau240_MAZ.xml," ",,
Moreau241_MAZ.xml," ",,
Moreau242_MAZ.xml," ",,
Moreau243_MAZ.xml," ",,
Moreau244_MAZ.xml," ",,
Moreau245_MAZ.xml," ",,
Moreau246_MAZ.xml," ",,
Moreau247_MAZ.xml," ",,
Moreau248_MAZ.xml," ",,
Moreau249_MAZ.xml," ",,
Moreau250_MAZ.xml," ",,
Moreau251_GBOOKS.xml," ",,
Moreau252_GBOOKS.xml," ",,
Moreau253_GBOOKS.xml," ",,
Moreau254_GBOOKS.xml," ",,
Moreau255_GBOOKS.xml," ",,
Moreau257_GBOOKS.xml," ",,
Moreau258_MAZ.xml," ",,
Moreau259_MAZ.xml," ",,
Moreau260_MAZ.xml," ",,
Moreau262_GBOOKS.xml," ",,
Moreau263_GBOOKS.xml," ",,
Moreau264_GBOOKS.xml," ",,
Moreau265_GBOOKS.xml," ",,
Moreau267_GBOOKS.xml," ",,
Moreau273_GBOOKS.xml," ",,
Moreau275_GBOOKS.xml," ",,
Moreau277_GBOOKS.xml," ",,
Moreau278_MAZ.xml," ",,
Moreau279_MAZ.xml," ",,
Moreau284_GBOOKS.xml," ",,
Moreau287_GBOOKS.xml," ",,
Moreau288_GBOOKS.xml," ",,
Moreau289_MAZ.xml," ",,
Moreau290_GBOOKS.xml," ",,
Moreau291_GBOOKS.xml," ",,
Moreau293_MAZ.xml," ",,
Moreau300_GBOOKS.xml," ",,
Moreau2101_GBOOKS.xml," ",,
Moreau2103_GBOOKS.xml," ",,
Moreau2105_GBOOKS.xml," ",,
Moreau2106_GBOOKS.xml," ",,
Moreau2107_GBOOKS.xml," ",,
Moreau2109_GBOOKS.xml," ",,
Moreau2110_GBOOKS.xml," ",,
Moreau2111_GBOOKS.xml," ",,
Moreau2113_GBOOKS.xml," ",,
Moreau2114_GBOOKS.xml," ",,
Moreau2116_GBOOKS.xml," ",,
Moreau2118_GBOOKS.xml," ",,
Moreau2119_GBOOKS.xml," ",,
Moreau2123_GBOOKS.xml," ",,
Moreau2124_MAZ.xml," ",,
Moreau2126_GBOOKS.xml," ",,
Moreau2128_GBOOKS.xml," ",,
Moreau2129_GBOOKS.xml," ",,
Moreau2130_GBOOKS.xml," ",,
Moreau2131_GBOOKS.xml," ",,
Moreau2132_GALL.xml," ",,
Moreau2135_MAZ.xml," ",,
Moreau2136_GBOOKS.xml," ",,
Moreau2137_GBOOKS.xml," ",,
Moreau2140_MAZ.xml," ",,
Moreau2141_GBOOKS.xml," ",,
Moreau2142_GBOOKS.xml," ",,
Moreau2143_GBOOKS.xml," ",,
Moreau2144_GBOOKS.xml," ",,
Moreau2145_GBOOKS.xml," ",,
Moreau2146_GBOOKS.xml," ",,
Moreau2147_GBOOKS.xml," ",,
Moreau2149_GBOOKS.xml," ",,
Moreau2154_GBOOKS.xml," ",,
Moreau2156_GBOOKS.xml," ",,
Moreau2157_GBOOKS.xml," ",,
Moreau2158_GBOOKS.xml," ",,
Moreau2159_GBOOKS.xml," ",,
Moreau2160_GBOOKS.xml," ",,
Moreau2161_GBOOKS.xml," ",,
Moreau2163_MAZ.xml," ",,
Moreau2164_MAZ.xml," ",,
Moreau2166_GBOOKS.xml," ",,
Moreau2168_GBOOKS.xml," ",,
Moreau2169_GBOOKS.xml," ",,
Moreau2172_GBOOKS.xml," ",,
Moreau2173_GBOOKS.xml," ",,
Moreau2175_GBOOKS.xml," ",,
Moreau2176_GBOOKS.xml," ",,
Moreau2180_GBOOKS.xml," ",,
Moreau2181_GBOOKS.xml," ",,
Moreau2184_GBOOKS.xml," ",,
Moreau2185_GBOOKS.xml," ",,
Moreau2187_GBOOKS.xml," ",,
Moreau2188_MAZ.xml," ",,
Moreau2191_GBOOKS.xml," ",,
Moreau2194_GBOOKS.xml," ",,
Moreau2197_MAZ.xml," ",,
Moreau2198_GBOOKS.xml," ",,
Moreau2200_GBOOKS.xml," ",,
Moreau2201_GBOOKS.xml," ",,
Moreau2202_GBOOKS.xml," ",,
Moreau2203_GBOOKS.xml," ",,
Moreau2204_GBOOKS.xml," ",,
Moreau2205_GBOOKS.xml," ",,
Moreau2206_GBOOKS.xml," ",,
Moreau2207_GALL.xml," ",,
Moreau2208_GBOOKS.xml," ",,
Moreau2209_GBOOKS.xml," ",,
Moreau2210_GBOOKS.xml," ",,
Moreau2212_GBOOKS.xml," ",,
Moreau2213_GBOOKS.xml," ",,
Moreau2215_GBOOKS.xml," ",,
Moreau2216_GBOOKS.xml," ",,
Moreau2217_GBOOKS.xml," ",,
Moreau2218_MAZ.xml," ",,
Moreau2220_GBOOKS.xml," ",,
Moreau2222_GBOOKS.xml," ",,
Moreau2225_GBOOKS.xml," ",,
Moreau2226_GBOOKS.xml," ",,
Moreau2227_GBOOKS.xml," ",,
Moreau2229_GBOOKS.xml," ",,
Moreau2230_GBOOKS.xml," ",,
Moreau2231_GBOOKS.xml," ",,
Moreau2232_GBOOKS.xml," ",,
Moreau2233_GBOOKS.xml," ",,
Moreau2235_GBOOKS.xml," ",,
Moreau2236_GBOOKS.xml," ",,
Moreau2240_GBOOKS.xml," ",,
Moreau2242_GBOOKS.xml," ",,
Moreau2243_GBOOKS.xml," ",,
Moreau2244_GBOOKS.xml," ",,
Moreau2245_MAZ.xml," ",,
Moreau2246_MAZ.xml," ",,
Moreau2247_GBOOKS.xml," ",,
Moreau2248_GBOOKS.xml," ",,
Moreau2249_GBOOKS.xml," ",,
Moreau2250_GALL.xml," ",,
Moreau2251_GBOOKS.xml," ",,
Moreau2252_GBOOKS.xml," ",,
Moreau2253_GALL.xml," ",,
Moreau2255_MAZ.xml," ",,
Moreau2258_GBOOKS.xml," ",,
Moreau2259_GBOOKS.xml," ",,
Moreau2263_MAZ.xml," ",,
Moreau2268_GBOOKS.xml," ",,
Moreau2269_GBOOKS.xml," ",,
Moreau2271_MAZ.xml," ",,
Moreau2272_GBOOKS.xml," ",,
Moreau2273_GBOOKS.xml," ",,
Moreau2275_GBOOKS.xml," ",,
Moreau2277_GBOOKS.xml," ",,
Moreau2278_GBOOKS.xml," ",,
Moreau2280_GBOOKS.xml," ",,
Moreau2281_GBOOKS.xml," ",,
Moreau2282_MAZ.xml," ",,
Moreau2283_GBOOKS.xml," ",,
Moreau2287_GBOOKS.xml," ",,
Moreau2288_GBOOKS.xml," ",,
Moreau2289_MAZ.xml," ",,
Moreau2290_GBOOKS.xml," ",,
Moreau2294_GBOOKS.xml," ",,
Moreau2295_GBOOKS.xml," ",,
Moreau2297_GBOOKS.xml," ",,
Moreau2298_GBOOKS.xml," ",,
Moreau2299_GBOOKS.xml," ",,
Moreau2302_GBOOKS.xml," ",,
Moreau2304_GBOOKS.xml," ",,
Moreau2305_GBOOKS.xml," ",,
Moreau2306_GBOOKS.xml," ",,
Moreau2308_GBOOKS.xml," ",,
Moreau2311_GBOOKS.xml," ",,
Moreau2312_GBOOKS.xml," ",,
Moreau2314_GBOOKS.xml," ",,
Moreau2315_GBOOKS.xml," ",,
Moreau2317_GBOOKS.xml," ",,
Moreau2320_GBOOKS.xml," ",,
Moreau2321_GBOOKS.xml," ",,
Moreau2322_MAZ.xml," ",,
Moreau2323_GBOOKS.xml," ",,
Moreau2324_GBOOKS.xml," ",,
Moreau2325_GBOOKS.xml," ",,
Moreau2326_GBOOKS.xml," ",,
Moreau2329_GBOOKS.xml," ",,
Moreau2332_GBOOKS.xml," ",,
Moreau2334_GBOOKS.xml," ",,
Moreau2335_GBOOKS.xml," ",,
Moreau2336_GBOOKS.xml," ",,
Moreau2337_GBOOKS.xml," ",,
Moreau2340_MAZ.xml," ",,
Moreau2341_GALL.xml," ",,
Moreau2343_GBOOKS.xml," ",,
Moreau2344_MAZ.xml," ",,
Moreau2347_GBOOKS.xml," ",,
Moreau2350_GBOOKS.xml," ",,
Moreau2351_GBOOKS.xml," ",,
Moreau2352_GBOOKS.xml," ",,
Moreau2354_GBOOKS.xml," ",,
Moreau2355_MAZ.xml," ",,
Moreau2356_GBOOKS.xml," ",,
Moreau2357_GBOOKS.xml," ",,
Moreau2358_GBOOKS.xml," ",,
Moreau2359_GBOOKS.xml," ",,
Moreau2360_MAZ.xml," ",,
Moreau2361_GBOOKS.xml," ",,
Moreau2362_GBOOKS.xml," ",,
Moreau2365_GALL.xml," ",,
Moreau2366_GBOOKS.xml," ",,
Moreau2368_GBOOKS.xml," ",,
Moreau2369_GBOOKS.xml," ",,
Moreau2370_GBOOKS.xml," ",,
Moreau2371_GBOOKS.xml," ",,
Moreau2372_MAZ.xml," ",,
Moreau2373_GBOOKS.xml," ",,
Moreau2374_GBOOKS.xml," ",,
Moreau2379_MAZ.xml," ",,
Moreau2381_MAZ.xml," ",,
Moreau2382_MAZ.xml," ",,
Moreau2384_MAZ.xml," ",,
Moreau2386_MAZ.xml," ",,
Moreau2387_MAZ.xml," ",,
Moreau2388_GBOOKS.xml," ",,
Moreau2390_GBOOKS.xml," ",,
Moreau2391_GBOOKS.xml," ",,
Moreau2393_GBOOKS.xml," ",,
Moreau2394_GBOOKS.xml," ",,
Moreau2395_GBOOKS.xml," ",,
Moreau2396_GBOOKS.xml," ",,
Moreau2397_MAZ.xml," ",,
Moreau2398_MAZ.xml," ",,
Moreau2399_GBOOKS.xml," ",,
Moreau2400_GBOOKS.xml," ",,
Moreau2401_GBOOKS.xml," ",,
Moreau2402_GBOOKS.xml," ",,
Moreau2404_MAZ.xml," ",,
Moreau2405_MAZ.xml," ",,
Moreau2406_GBOOKS.xml," ",,
Moreau2407_MAZ.xml," ",,
Moreau2408_GBOOKS.xml," ",,
Moreau2409_MAZ.xml," ",,
Moreau2410_MAZ.xml," ",,
Moreau2411_GALL.xml," ",,
Moreau2412_MAZ.xml," ",,
Moreau2413_MAZ.xml," ",,
Moreau2415_MAZ.xml," ",,
Moreau2416_GBOOKS.xml," ",,
Moreau2418_GALL.xml," ",,
Moreau2419_GBOOKS.xml," ",,
Moreau2420_GBOOKS.xml," ",,
Moreau2421_GBOOKS.xml," ",,
Moreau2422_MAZ.xml," ",,
Moreau2423_GBOOKS.xml," ",,
Moreau2424_GBOOKS.xml," ",,
Moreau2425_GBOOKS.xml," ",,
Moreau2426_GBOOKS.xml," ",,
Moreau2427_GBOOKS.xml," ",,
Moreau2428_GBOOKS.xml," ",,
Moreau2429_GALL.xml," ",,
Moreau2430_GBOOKS.xml," ",,
Moreau2432_GBOOKS.xml," ",,
Moreau2433_GBOOKS.xml," ",,
Moreau2434_GALL.xml," ",,
Moreau2436_GBOOKS.xml," ",,
Moreau2437_MAZ.xml," ",,
Moreau2438_GBOOKS.xml," ",,
Moreau2439_GBOOKS.xml," ",,
Moreau2440_MAZ.xml," ",,
Moreau2441_GBOOKS.xml," ",,
Moreau2444_MAZ.xml," ",,
Moreau2445_GBOOKS.xml," ",,
Moreau2447_GBOOKS.xml," ",,
Moreau2448_MAZ.xml," ",,
Moreau2449_GBOOKS.xml," ",,
Moreau2450_GBOOKS.xml," ",,
Moreau2451_GBOOKS.xml," ",,
Moreau2452-iii_GBOOKS.xml," ",,
Moreau2452-v_GBOOKS.xml," ",,
Moreau2453_MAZ.xml," ",,
Moreau2454_GBOOKS.xml," ",,
Moreau2455_MAZ.xml," ",,
Moreau2456_MAZ.xml," ",,
Moreau2457_MAZ.xml," ",,
Moreau2459_GBOOKS.xml," ",,
Moreau2460_GBOOKS.xml," ",,
Moreau2462_GBOOKS.xml," ",,
Moreau2463_MAZ.xml," ",,
Moreau2464_MAZ.xml," ",,
Moreau2465_GBOOKS.xml," ",,
Moreau2466_GALL.xml," ",,
Moreau2467_MAZ.xml," ",,
Moreau2468_GBOOKS.xml," ",,
Moreau2469_MAZ.xml," ",,
Moreau2470_MAZ.xml," ",,
Moreau2474_GBOOKS.xml," ",,
Moreau2476_GBOOKS.xml," ",,
Moreau2477_GBOOKS.xml," ",,
Moreau2478_MAZ.xml," ",,
Moreau2480_MAZ.xml," ",,
Moreau2481_MAZ.xml," ",,
Moreau2482_MAZ.xml," ",,
Moreau2483_MAZ.xml," ",,
Moreau2484_MAZ.xml," ",,
Moreau2486_MAZ.xml," ",,
Moreau2489_MAZ.xml," ",,
Moreau2490_MAZ.xml," ",,
Moreau2491_GBOOKS.xml," ",,
Moreau2494_MAZ.xml," ",,
Moreau2495_GBOOKS.xml," ",,
Moreau2496_MAZ.xml," ",,
Moreau2497_GBOOKS.xml," ",,
Moreau2498_GBOOKS.xml," ",,
Moreau2499_GBOOKS.xml," ",,
Moreau2500_GBOOKS.xml," ",,
Moreau2501_MAZ.xml," ",,
Moreau2502_GBOOKS.xml," ",,
Moreau2503_GBOOKS.xml," ",,
Moreau2504_GBOOKS.xml," ",,
Moreau2505_GBOOKS.xml," ",,
Moreau2506_GBOOKS.xml," ",,
Moreau2507_GBOOKS.xml," ",,
Moreau2508_MAZ.xml," ",,
Moreau2509_GBOOKS.xml," ",,
Moreau2510_GBOOKS.xml," ",,
Moreau2511_MAZ.xml," ",,
Moreau2512_MAZ.xml," ",,
Moreau2513_MAZ.xml," ",,
Moreau2515_GBOOKS.xml," ",,
Moreau2516_GBOOKS.xml," ",,
Moreau2518_MAZ.xml," ",,
Moreau2523_MAZ.xml," ",,
Moreau2524_GBOOKS.xml," ",,
Moreau2525_MAZ.xml," ",,
Moreau2526_MAZ.xml," ",,
Moreau2527_MAZ.xml," ",,
Moreau2528_MAZ.xml," ",,
Moreau2529_GBOOKS.xml," ",,
Moreau2530_MAZ.xml," ",,
Moreau2531_MAZ.xml," ",,
Moreau2532_GBOOKS.xml," ",,
Moreau2535_MAZ.xml," ",,
Moreau2536_GBOOKS.xml," ",,
Moreau2537_GBOOKS.xml," ",,
Moreau2538_GALL.xml," ",,
Moreau2540_MAZ.xml," ",,
Moreau2541_GALL.xml," ",,
Moreau2542_GALL.xml," ",,
Moreau2544_MAZ.xml," ",,
Moreau2546_MAZ.xml," ",,
Moreau2548_GBOOKS.xml," ",,
Moreau2549-i_MAZ.xml," ",,
Moreau2549-ii_MAZ.xml," ",,
Moreau2550_GBOOKS.xml," ",,
Moreau2551_MAZ.xml," ",,
Moreau2552_GALL.xml," ",,
Moreau2553_GBOOKS.xml," ",,
Moreau2554_MAZ.xml," ",,
Moreau2555_GBOOKS.xml," ",,
Moreau2556_GBOOKS.xml," ",,
Moreau2557_MAZ.xml," ",,
Moreau2558_GBOOKS.xml," ",,
Moreau2559_GBOOKS.xml," ",,
Moreau2560_GBOOKS.xml," ",,
Moreau2561_GBOOKS.xml," ",,
Moreau2562_GBOOKS.xml," ",,
Moreau2564_GBOOKS.xml," ",,
Moreau2565_GBOOKS.xml," ",,
Moreau2567_MAZ.xml," ",,
Moreau2568_MAZ.xml," ",,
Moreau2569_GALL.xml," ",,
Moreau2570_GBOOKS.xml," ",,
Moreau2571_GBOOKS.xml," ",,
Moreau2572_GBOOKS.xml," ",,
Moreau2573_GBOOKS.xml," ",,
Moreau2574_GBOOKS.xml," ",,
Moreau2576_GALL.xml," ",,
Moreau2579_GALL.xml," ",,
Moreau2580_MAZ.xml," ",,
Moreau2581_GALL.xml," ",,
Moreau2583_GALL.xml," ",,
Moreau2585_GBOOKS.xml," ",,
Moreau2586_GALL.xml," ",,
Moreau2588_MAZ.xml," ",,
Moreau2590_GBOOKS.xml," ",,
Moreau2591_GBOOKS.xml," ",,
Moreau2592_GBOOKS.xml," ",,
Moreau2593_MAZ.xml," ",,
Moreau2594_GBOOKS.xml," ",,
Moreau2595_GALL.xml," ",,
Moreau2597_GBOOKS.xml," ",,
Moreau2598_GALL.xml," ",,
Moreau2599_GALL.xml," ",,
Moreau2601_GALL.xml," ",,
Moreau2602_GALL.xml," ",,
Moreau2603_GBOOKS.xml," ",,
Moreau2604_GBOOKS.xml," ",,
Moreau2605_GBOOKS.xml," ",,
Moreau2607_GBOOKS.xml," ",,
Moreau2609_GBOOKS.xml," ",,
Moreau2613_GBOOKS.xml," ",,
Moreau2614_GBOOKS.xml," ",,
Moreau2617_MAZ.xml," ",,
Moreau2624_GBOOKS.xml," ",,
Moreau2625_MAZ.xml," ",,
Moreau2628_GBOOKS.xml," ",,
Moreau2629_GBOOKS.xml," ",,
Moreau2630_GBOOKS.xml," ",,
Moreau2633_MAZ.xml," ",,
Moreau2634_GALL.xml," ",,
Moreau2635_GALL.xml," ",,
Moreau2636_GBOOKS.xml," ",,
Moreau2637_GBOOKS.xml," ",,
Moreau2638_MAZ.xml," ",,
Moreau2641_MAZ.xml," ",,
Moreau2642_GALL.xml," ",,
Moreau2645_MAZ.xml," ",,
Moreau2647_MAZ.xml," ",,
Moreau2649_GBOOKS.xml," ",,
Moreau2650_GBOOKS.xml," ",,
Moreau2651_GBOOKS.xml," ",,
Moreau2654_GBOOKS.xml," ",,
Moreau2655_MAZ.xml," ",,
Moreau2656_GALL.xml," ",,
Moreau2657_GALL.xml," ",,
Moreau2658_GBOOKS.xml," ",,
Moreau2660_MAZ.xml," ",,
Moreau2661_MAZ.xml," ",,
Moreau2662_GALL.xml," ",,
Moreau2663_GBOOKS.xml," ",,
Moreau2666_MAZ.xml," ",,
Moreau2667_MAZ.xml," ",,
Moreau2668_GBOOKS.xml," ",,
Moreau2669_MAZ.xml," ",,
Moreau2671_GBOOKS.xml," ",,
Moreau2672_GBOOKS.xml," ",,
Moreau2673_MAZ.xml," ",,
Moreau2674_MAZ.xml," ",,
Moreau2675_GBOOKS.xml," ",,
Moreau2676_GBOOKS.xml," ",,
Moreau2677_MAZ.xml," ",,
Moreau2678_GBOOKS.xml," ",,
Moreau2679_GBOOKS.xml," ",,
Moreau2680_GBOOKS.xml," ",,
Moreau2681_GBOOKS.xml," ",,
Moreau2683_GALL.xml," ",,
Moreau2684_GALL.xml," ",,
Moreau2685_GALL.xml," ",,
Moreau2687_GALL.xml," ",,
Moreau2688_MAZ.xml," ",,
Moreau2689_GBOOKS.xml," ",,
Moreau2691_GALL.xml," ",,
Moreau2692_GALL.xml," ",,
Moreau2693_GBOOKS.xml," ",,
Moreau2694_GALL.xml," ",,
Moreau2697_GALL.xml," ",,
Moreau2698_MAZ.xml," ",,
Moreau2701-i_MAZ.xml," ",,
Moreau2701-iii_MAZ.xml," ",,
Moreau2701-iv_MAZ.xml," ",,
Moreau2704_GBOOKS.xml," ",,
Moreau2705_GBOOKS.xml," ",,
Moreau2706_GBOOKS.xml," ",,
Moreau2710_MAZ.xml," ",,
Moreau2711_GBOOKS.xml," ",,
Moreau2713_GBOOKS.xml," ",,
Moreau2714_GBOOKS.xml," ",,
Moreau2715_GBOOKS.xml," ",,
Moreau2718_MAZ.xml," ",,
Moreau2719_GBOOKS.xml," ",,
Moreau2721_GBOOKS.xml," ",,
Moreau2722_GBOOKS.xml," ",,
Moreau2724_GBOOKS.xml," ",,
Moreau2725_GBOOKS.xml," ",,
Moreau2726_GBOOKS.xml," ",,
Moreau2727_GBOOKS.xml," ",,
Moreau2728_GBOOKS.xml," ",,
Moreau2729_GBOOKS.xml," ",,
Moreau2730_MAZ.xml," ",,
Moreau2731_GALL.xml," ",,
Moreau2732_GBOOKS.xml," ",,
Moreau2734_GBOOKS.xml," ",,
Moreau2735_GBOOKS.xml," ",,
Moreau2736_GALL.xml," ",,
Moreau2737_GALL.xml," ",,
Moreau2738_GALL.xml," ",,
Moreau2743_GBOOKS.xml," ",,
Moreau2746_GBOOKS.xml," ",,
Moreau2747_GALL.xml," ",,
Moreau2749_GBOOKS.xml," ",,
Moreau2750_GALL.xml," ",,
Moreau2751_GBOOKS.xml," ",,
Moreau2752_MAZ.xml," ",,
Moreau2753_GBOOKS.xml," ",,
Moreau2754_GBOOKS.xml," ",,
Moreau2755_MAZ.xml," ",,
Moreau2757_MAZ.xml," ",,
Moreau2759_GBOOKS.xml," ",,
Moreau2760_GBOOKS.xml," ",,
Moreau2761_GBOOKS.xml," ",,
Moreau2765_MAZ.xml," ",,
Moreau2766_GBOOKS.xml," ",,
Moreau2767_MAZ.xml," ",,
Moreau2772_GBOOKS.xml," ",,
Moreau2773_GBOOKS.xml," ",,
Moreau2774_GALL.xml," ",,
Moreau2775_GBOOKS.xml," ",,
Moreau2776_GBOOKS.xml," ",,
Moreau2777_GALL.xml," ",,
Moreau2778_GALL.xml," ",,
Moreau2780_GALL.xml," ",,
Moreau2781_GALL.xml," ",,
Moreau2782_GBOOKS.xml," ",,
Moreau2783_GBOOKS.xml," ",,
Moreau2785_GALL.xml," ",,
Moreau2786_GALL.xml," ",,
Moreau2787_GALL.xml," ",,
Moreau2788_GBOOKS.xml," ",,
Moreau2789_GALL.xml," ",,
Moreau2791_GALL.xml," ",,
Moreau2792_GBOOKS.xml," ",,
Moreau2794_MAZ.xml," ",,
Moreau2795_GBOOKS.xml," ",,
Moreau2796_GBOOKS.xml," ",,
Moreau2798_GALL.xml," ",,
Moreau2799_GBOOKS.xml," ",,
Moreau2800_GBOOKS.xml," ",,
Moreau2801_GBOOKS.xml," ",,
Moreau2804_GALL.xml," ",,
Moreau2805_MAZ.xml," ",,
Moreau2806_GBOOKS.xml," ",,
Moreau2808_MAZ.xml," ",,
Moreau2809_GBOOKS.xml," ",,
Moreau2810_GALL.xml," ",,
Moreau2811_GBOOKS.xml," ",,
Moreau2813_GBOOKS.xml," ",,
Moreau2814_GBOOKS.xml," ",,
Moreau2815_GBOOKS.xml," ",,
Moreau2816_MAZ.xml," ",,
Moreau2817_GBOOKS.xml," ",,
Moreau2818_GBOOKS.xml," ",,
Moreau2819_GALL.xml," ",,
Moreau2820_GALL.xml," ",,
Moreau2823_GALL.xml," ",,
Moreau2824_GBOOKS.xml," ",,
Moreau2825_GALL.xml," ",,
Moreau2827_GBOOKS.xml," ",,
Moreau2829_GBOOKS.xml," ",,
Moreau2830_MAZ.xml," ",,
Moreau2831_GALL.xml," ",,
Moreau2832_GALL.xml," ",,
Moreau2833_GBOOKS.xml," ",,
Moreau2834_GBOOKS.xml," ",,
Moreau2836_GBOOKS.xml," ",,
Moreau2837_GBOOKS.xml," ",,
Moreau2838_GBOOKS.xml," ",,
Moreau2839_GBOOKS.xml," ",,
Moreau2840_GALL.xml," ",,
Moreau2841_GALL.xml," ",,
Moreau2842_GBOOKS.xml," ",,
Moreau2843_GBOOKS.xml," ",,
Moreau2846_GBOOKS.xml," ",,
Moreau2847_GBOOKS.xml," ",,
Moreau2848_GALL.xml," ",,
Moreau2849-i_GBOOKS.xml," ",,
Moreau2849-ii_GBOOKS.xml," ",,
Moreau2849-iii_GBOOKS.xml," ",,
Moreau2849-iv_GBOOKS.xml," ",,
Moreau2849-v_GBOOKS.xml," ",,
Moreau2850-i_MAZ.xml," ",,
Moreau2850-ii_MAZ.xml," ",,
Moreau2850-iii_MAZ.xml," ",,
Moreau2851_MAZ.xml," ",,
Moreau2852_GALL.xml," ",,
Moreau2853_GALL.xml," ",,
Moreau2854_GBOOKS.xml," ",,
Moreau2855_GALL.xml," ",,
Moreau2856_GBOOKS.xml," ",,
Moreau2857_GBOOKS.xml," ",,
Moreau2858_GALL.xml," ",,
Moreau2861_MAZ.xml," ",,
Moreau2864_GBOOKS.xml," ",,
Moreau2866_GBOOKS.xml," ",,
Moreau2868_GBOOKS.xml," ",,
Moreau2870_GBOOKS.xml," ",,
Moreau2871_GBOOKS.xml," ",,
Moreau2872_GBOOKS.xml," ",,
Moreau2878_GBOOKS.xml," ",,
Moreau2879_GBOOKS.xml," ",,
Moreau2880_GBOOKS.xml," ",,
Moreau2882_GBOOKS.xml," ",,
Moreau2883_GALL.xml," ",,
Moreau2884_GALL.xml," ",,
Moreau2885_GBOOKS.xml," ",,
Moreau2886_GBOOKS.xml," ",,
Moreau2887_GBOOKS.xml," ",,
Moreau2888_GBOOKS.xml," ",,
Moreau2889_GBOOKS.xml," ",,
Moreau2891_MAZ.xml," ",,
Moreau2892_MAZ.xml," ",,
Moreau2893_GBOOKS.xml," ",,
Moreau2895_GALL.xml," ",,
Moreau2896_MAZ.xml," ",,
Moreau2897_GBOOKS.xml," ",,
Moreau2898_GBOOKS.xml," ",,
Moreau2899_GBOOKS.xml," ",,
Moreau2900_GALL.xml," ",,
Moreau2901_GBOOKS.xml," ",,
Moreau2902_GALL.xml," ",,
Moreau2905_GALL.xml," ",,
Moreau2906_GBOOKS.xml," ",,
Moreau2907_GBOOKS.xml," ",,
Moreau2908_GBOOKS.xml," ",,
Moreau2909_GBOOKS.xml," ",,
Moreau2910_GBOOKS.xml," ",,
Moreau2912_GBOOKS.xml," ",,
Moreau2914_GBOOKS.xml," ",,
Moreau2922_GBOOKS.xml," ",,
Moreau2923_GALL.xml," ",,
Moreau2924_GALL.xml," ",,
Moreau2925_GBOOKS.xml," ",,
Moreau2926_GBOOKS.xml," ",,
Moreau2927_GBOOKS.xml," ",,
Moreau2928_GALL.xml," ",,
Moreau2929_GBOOKS.xml," ",,
Moreau2930_GALL.xml," ",,
Moreau2931_GBOOKS.xml," ",,
Moreau2934_GBOOKS.xml," ",,
Moreau2935_GBOOKS.xml," ",,
Moreau2936_GBOOKS.xml," ",,
Moreau2937_GBOOKS.xml," ",,
Moreau2938_GBOOKS.xml," ",,
Moreau2939_GBOOKS.xml," ",,
Moreau2941_GBOOKS.xml," ",,
Moreau2942_GALL.xml," ",,
Moreau2943_GALL.xml," ",,
Moreau2945_GBOOKS.xml," ",,
Moreau2946_GBOOKS.xml," ",,
Moreau2948_MAZ.xml," ",,
Moreau2950_GBOOKS.xml," ",,
Moreau2951_GALL.xml," ",,
Moreau2952_GBOOKS.xml," ",,
Moreau2953_GBOOKS.xml," ",,
Moreau2954_GALL.xml," ",,
Moreau2956_GBOOKS.xml," ",,
Moreau2957_MAZ.xml," ",,
Moreau2958_MAZ.xml," ",,
Moreau2959_MAZ.xml," ",,
Moreau2960_GALL.xml," ",,
Moreau2961_GBOOKS.xml," ",,
Moreau2962_GBOOKS.xml," ",,
Moreau2964_MAZ.xml," ",,
Moreau2966_GBOOKS.xml," ",,
Moreau2967_MAZ.xml," ",,
Moreau2969_GBOOKS.xml," ",,
Moreau2970_GBOOKS.xml," ",,
Moreau2971_MAZ.xml," ",,
Moreau2972_MAZ.xml," ",,
Moreau2973_GBOOKS.xml," ",,
Moreau2974_GALL.xml," ",,
Moreau2975_GBOOKS.xml," ",,
Moreau2977_MAZ.xml," ",,
Moreau2978_GALL.xml," ",,
Moreau2984_MAZ.xml," ",,
Moreau2985_GBOOKS.xml," ",,
Moreau2986_GBOOKS.xml," ",,
Moreau2987_GBOOKS.xml," ",,
Moreau2989_GBOOKS.xml," ",,
Moreau2991_GBOOKS.xml," ",,
Moreau2993_GALL.xml," ",,
Moreau2994_GBOOKS.xml," ",,
Moreau2995_GALL.xml," ",,
Moreau2996_GBOOKS.xml," ",,
Moreau2999_GBOOKS.xml," ",,
Moreau3000_GBOOKS.xml," ",,
Moreau3002_GBOOKS.xml," ",,
Moreau3003_GBOOKS.xml," ",,
Moreau3004_MAZ.xml," ",,
Moreau3005_GBOOKS.xml," ",,
Moreau3006_GBOOKS.xml," ",,
Moreau3007_GBOOKS.xml," ",,
Moreau3009_GALL.xml," ",,
Moreau3010_GBOOKS.xml," ",,
Moreau3011_GBOOKS.xml," ",,
Moreau3015_GBOOKS.xml," ",,
Moreau3016_GBOOKS.xml," ",,
Moreau3017_MAZ.xml," ",,
Moreau3018_GBOOKS.xml," ",,
Moreau3019_GBOOKS.xml," ",,
Moreau3020_GBOOKS.xml," ",,
Moreau3024_GBOOKS.xml," ",,
Moreau3025_GBOOKS.xml," ",,
Moreau3027_MAZ.xml," ",,
Moreau3030_GBOOKS.xml," ",,
Moreau3032_MAZ.xml," ",,
Moreau3033_GALL.xml," ",,
Moreau3035-i_MAZ.xml," ",,
Moreau3035-ii_MAZ.xml," ",,
Moreau3035-iii_MAZ.xml," ",,
Moreau3035-iv_MAZ.xml," ",,
Moreau3037_MAZ.xml," ",,
Moreau3039_MAZ.xml," ",,
Moreau3040_MAZ.xml," ",,
Moreau3041_MAZ.xml," ",,
Moreau3042_MAZ.xml," ",,
Moreau3044_GALL.xml," ",,
Moreau3046_GBOOKS.xml," ",,
Moreau3049_GALL.xml," ",,
Moreau3053-i_MAZ.xml," ",,
Moreau3053-ii_MAZ.xml," ",,
Moreau3055_GALL.xml," ",,
Moreau3056_GALL.xml," ",,
Moreau3057_GBOOKS.xml," ",,
Moreau3059_GBOOKS.xml," ",,
Moreau3060_GBOOKS.xml," ",,
Moreau3061_GBOOKS.xml," ",,
Moreau3063_GALL.xml," ",,
Moreau3064_GBOOKS.xml," ",,
Moreau3067_GBOOKS.xml," ",,
Moreau3069_GBOOKS.xml," ",,
Moreau3070_GBOOKS.xml," ",,
Moreau3071_GBOOKS.xml," ",,
Moreau3072_GBOOKS.xml," ",,
Moreau3075_GBOOKS.xml," ",,
Moreau3076_GBOOKS.xml," ",,
Moreau3078_GBOOKS.xml," ",,
Moreau3079_GALL.xml," ",,
Moreau3080_GBOOKS.xml," ",,
Moreau3081_GALL.xml," ",,
Moreau3083_GBOOKS.xml," ",,
Moreau3085_GBOOKS.xml," ",,
Moreau3087_GALL.xml," ",,
Moreau3088_MAZ.xml," ",,
Moreau3089_GALL.xml," ",,
Moreau3090_MAZ.xml," ",,
Moreau3094_GALL.xml," ",,
Moreau3095_GBOOKS.xml," ",,
Moreau3096_GBOOKS.xml," ",,
Moreau3097_GBOOKS.xml," ",,
Moreau3098_GALL.xml," ",,
Moreau3099_GBOOKS.xml," ",,
Moreau3100_MAZ.xml," ",,
Moreau302_GBOOKS.xml," ",,
Moreau303_GBOOKS.xml," ",,
Moreau304_GBOOKS.xml," ",,
Moreau305_GBOOKS.xml," ",,
Moreau306_MAZ.xml," ",,
Moreau308_MAZ.xml," ",,
Moreau309_GBOOKS.xml," ",,
Moreau310_GBOOKS.xml," ",,
Moreau311_GBOOKS.xml," ",,
Moreau312_GBOOKS.xml," ",,
Moreau316_GBOOKS.xml," ",,
Moreau317_GBOOKS.xml," ",,
Moreau319_GBOOKS.xml," ",,
Moreau322_GBOOKS.xml," ",,
Moreau323_GBOOKS.xml," ",,
Moreau325_GBOOKS.xml," ",,
Moreau326_GBOOKS.xml," ",,
Moreau329_GBOOKS.xml," ",,
Moreau331_GBOOKS.xml," ",,
Moreau333_GBOOKS.xml," ",,
Moreau336_GBOOKS.xml," ",,
Moreau337_GBOOKS.xml," ",,
Moreau338_GBOOKS.xml," ",,
Moreau342_GBOOKS.xml," ",,
Moreau343_GBOOKS.xml," ",,
Moreau345_MAZ.xml," ",,
Moreau346_GALL.xml," ",,
Moreau350_GBOOKS.xml," ",,
Moreau352_GBOOKS.xml," ",,
Moreau357_GBOOKS.xml," ",,
Moreau358_MAZ.xml," ",,
Moreau360_GBOOKS.xml," ",,
Moreau365_GALL.xml," ",,
Moreau370_MAZ.xml," ",,
Moreau371_MAZ.xml," ",,
Moreau372_GBOOKS.xml," ",,
Moreau374_GBOOKS.xml," ",,
Moreau375_GBOOKS.xml," ",,
Moreau376_GBOOKS.xml," ",,
Moreau378_GBOOKS.xml," ",,
Moreau382_GALL.xml," ",,
Moreau384_GBOOKS.xml," ",,
Moreau385_GBOOKS.xml," ",,
Moreau386_GALL.xml," ",,
Moreau387_GBOOKS.xml," ",,
Moreau388_GBOOKS.xml," ",,
Moreau389_MAZ.xml," ",,
Moreau390_GBOOKS.xml," ",,
Moreau392_GBOOKS.xml," ",,
Moreau393_MAZ.xml," ",,
Moreau394_MAZ.xml," ",,
Moreau395_GBOOKS.xml," ",,
Moreau397_GBOOKS.xml," ",,
Moreau400_GBOOKS.xml," ",,
Moreau3103_GALL.xml," ",,
Moreau3104_GBOOKS.xml," ",,
Moreau3106_GBOOKS.xml," ",,
Moreau3108_GBOOKS.xml," ",,
Moreau3110_GBOOKS.xml," ",,
Moreau3111_GBOOKS.xml," ",,
Moreau3114_GBOOKS.xml," ",,
Moreau3117_GBOOKS.xml," ",,
Moreau3118_GBOOKS.xml," ",,
Moreau3119_GBOOKS.xml," ",,
Moreau3120_GBOOKS.xml," ",,
Moreau3121_GBOOKS.xml," ",,
Moreau3122_GBOOKS.xml," ",,
Moreau3125_GBOOKS.xml," ",,
Moreau3126_GBOOKS.xml," ",,
Moreau3127_MAZ.xml," ",,
Moreau3129_GBOOKS.xml," ",,
Moreau3130_GBOOKS.xml," ",,
Moreau3132_GBOOKS.xml," ",,
Moreau3136_GBOOKS.xml," ",,
Moreau3137_MAZ.xml," ",,
Moreau3138_GBOOKS.xml," ",,
Moreau3139_GBOOKS.xml," ",,
Moreau3141_MAZ.xml," ",,
Moreau3142_MAZ.xml," ",,
Moreau3143_GBOOKS.xml," ",,
Moreau3144_GBOOKS.xml," ",,
Moreau3146_GBOOKS.xml," ",,
Moreau3148_GBOOKS.xml," ",,
Moreau3149_GBOOKS.xml," ",,
Moreau3151_GBOOKS.xml," ",,
Moreau3152_GBOOKS.xml," ",,
Moreau3153_GBOOKS.xml," ",,
Moreau3154_GBOOKS.xml," ",,
Moreau3156_GBOOKS.xml," ",,
Moreau3159_GBOOKS.xml," ",,
Moreau3161_GBOOKS.xml," ",,
Moreau3162_MAZ.xml," ",,
Moreau3163_GBOOKS.xml," ",,
Moreau3164_GBOOKS.xml," ",,
Moreau3165_MAZ.xml," ",,
Moreau3166_MAZ.xml," ",,
Moreau3167_GBOOKS.xml," ",,
Moreau3170_GBOOKS.xml," ",,
Moreau3171_GBOOKS.xml," ",,
Moreau3174_GBOOKS.xml," ",,
Moreau3176_GBOOKS.xml," ",,
Moreau3177_GBOOKS.xml," ",,
Moreau3179_GBOOKS.xml," ",,
Moreau3180_GBOOKS.xml," ",,
Moreau3181_GBOOKS.xml," ",,
Moreau3184_GBOOKS.xml," ",,
Moreau3186_GBOOKS.xml," ",,
Moreau3187_GBOOKS.xml," ",,
Moreau3188_GBOOKS.xml," ",,
Moreau3189_GBOOKS.xml," ",,
Moreau3190_MAZ.xml," ",,
Moreau3191_GBOOKS.xml," ",,
Moreau3192_GBOOKS.xml," ",,
Moreau3195_GBOOKS.xml," ",,
Moreau3196_GBOOKS.xml," ",,
Moreau3198_GALL.xml," ",,
Moreau3199_MAZ.xml," ",,
Moreau3200_GBOOKS.xml," ",,
Moreau3201_GBOOKS.xml," ",,
Moreau3202_GBOOKS.xml," ",,
Moreau3204_GBOOKS.xml," ",,
Moreau3205_GBOOKS.xml," ",,
Moreau3208_GBOOKS.xml," ",,
Moreau3209_GBOOKS.xml," ",,
Moreau3210_GBOOKS.xml," ",,
Moreau3214_GBOOKS.xml," ",,
Moreau3215_GBOOKS.xml," ",,
Moreau3216_GBOOKS.xml," ",,
Moreau3219_GBOOKS.xml," ",,
Moreau3220_GBOOKS.xml," ",,
Moreau3222_GBOOKS.xml," ",,
Moreau3225_GBOOKS.xml," ",,
Moreau3229_GBOOKS.xml," ",,
Moreau3230_GBOOKS.xml," ",,
Moreau3232_GBOOKS.xml," ",,
Moreau3233_GBOOKS.xml," ",,
Moreau3234_GBOOKS.xml," ",,
Moreau3235_GBOOKS.xml," ",,
Moreau3237_GALL.xml," ",,
Moreau3238_GBOOKS.xml," ",,
Moreau3241_GBOOKS.xml," ",,
Moreau3242_GBOOKS.xml," ",,
Moreau3243_GBOOKS.xml," ",,
Moreau3244_GBOOKS.xml," ",,
Moreau3246_MAZ.xml," ",,
Moreau3247_GBOOKS.xml," ",,
Moreau3248_GBOOKS.xml," ",,
Moreau3250_GBOOKS.xml," ",,
Moreau3251_GBOOKS.xml," ",,
Moreau3254_GBOOKS.xml," ",,
Moreau3255_GBOOKS.xml," ",,
Moreau3256_GBOOKS.xml," ",,
Moreau3257_GBOOKS.xml," ",,
Moreau3258_GBOOKS.xml," ",,
Moreau3260_GBOOKS.xml," ",,
Moreau3267_GBOOKS.xml," ",,
Moreau3268_GBOOKS.xml," ",,
Moreau3270_GALL.xml," ",,
Moreau3271_GBOOKS.xml," ",,
Moreau3272_GALL.xml," ",,
Moreau3273_GBOOKS.xml," ",,
Moreau3276_GBOOKS.xml," ",,
Moreau3277_GBOOKS.xml," ",,
Moreau3278_GBOOKS.xml," ",,
Moreau3279_GBOOKS.xml," ",,
Moreau3280_GBOOKS.xml," ",,
Moreau3281_GALL.xml," ",,
Moreau3282_GBOOKS.xml," ",,
Moreau3283_GBOOKS.xml," ",,
Moreau3284_GBOOKS.xml," ",,
Moreau3286_GBOOKS.xml," ",,
Moreau3287_GBOOKS.xml," ",,
Moreau3288_GALL.xml," ",,
Moreau3290_GALL.xml," ",,
Moreau3291_GBOOKS.xml," ",,
Moreau3293_GBOOKS.xml," ",,
Moreau3294_GBOOKS.xml," ",,
Moreau3296_GBOOKS.xml," ",,
Moreau3298_GALL.xml," ",,
Moreau3299_GBOOKS.xml," ",,
Moreau3301_GBOOKS.xml," ",,
Moreau3302_GALL.xml," ",,
Moreau3303_GALL.xml," ",,
Moreau3304_GBOOKS.xml," ",,
Moreau3305_GBOOKS.xml," ",,
Moreau3306_GBOOKS.xml," ",,
Moreau3307_GBOOKS.xml," ",,
Moreau3308_GBOOKS.xml," ",,
Moreau3310_GALL.xml," ",,
Moreau3311_GBOOKS.xml," ",,
Moreau3312_GBOOKS.xml," ",,
Moreau3314_GBOOKS.xml," ",,
Moreau3315_GBOOKS.xml," ",,
Moreau3316_GBOOKS.xml," ",,
Moreau3317_GBOOKS.xml," ",,
Moreau3318_MAZ.xml," ",,
Moreau3321_GBOOKS.xml," ",,
Moreau3322_GBOOKS.xml," ",,
Moreau3324_GBOOKS.xml," ",,
Moreau3325_GBOOKS.xml," ",,
Moreau3326_MAZ.xml," ",,
Moreau3328_MAZ.xml," ",,
Moreau3329_GBOOKS.xml," ",,
Moreau3330_GBOOKS.xml," ",,
Moreau3331_GBOOKS.xml," ",,
Moreau3334_GBOOKS.xml," ",,
Moreau3336_GALL.xml," ",,
Moreau3338_GBOOKS.xml," ",,
Moreau3340_GBOOKS.xml," ",,
Moreau3341_MAZ.xml," ",,
Moreau3343_GBOOKS.xml," ",,
Moreau3344_GBOOKS.xml," ",,
Moreau3345_GBOOKS.xml," ",,
Moreau3347_GBOOKS.xml," ",,
Moreau3348_GBOOKS.xml," ",,
Moreau3349_MAZ.xml," ",,
Moreau3350_GBOOKS.xml," ",,
Moreau3352_GBOOKS.xml," ",,
Moreau3353_GALL.xml," ",,
Moreau3355_GBOOKS.xml," ",,
Moreau3357_GBOOKS.xml," ",,
Moreau3359_GBOOKS.xml," ",,
Moreau3360_GBOOKS.xml," ",,
Moreau3361_GBOOKS.xml," ",,
Moreau3365_GBOOKS.xml," ",,
Moreau3367_GBOOKS.xml," ",,
Moreau3368_GBOOKS.xml," ",,
Moreau3369_GBOOKS.xml," ",,
Moreau3370_GBOOKS.xml," ",,
Moreau3371_GALL.xml," ",,
Moreau3372_GBOOKS.xml," ",,
Moreau3374_GBOOKS.xml," ",,
Moreau3375_GALL.xml," ",,
Moreau3376_GALL.xml," ",,
Moreau3377_GBOOKS.xml," ",,
Moreau3378_GBOOKS.xml," ",,
Moreau3381_MAZ.xml," ",,
Moreau3382_GBOOKS.xml," ",,
Moreau3383_GBOOKS.xml," ",,
Moreau3387_GBOOKS.xml," ",,
Moreau3388_GBOOKS.xml," ",,
Moreau3389_GBOOKS.xml," ",,
Moreau3391_GBOOKS.xml," ",,
Moreau3392_GBOOKS.xml," ",,
Moreau3393_GBOOKS.xml," ",,
Moreau3394_GBOOKS.xml," ",,
Moreau3395_GBOOKS.xml," ",,
Moreau3396_GBOOKS.xml," ",,
Moreau3397_GBOOKS.xml," ",,
Moreau3399_MAZ.xml," ",,
Moreau3400_GBOOKS.xml," ",,
Moreau3401_GALL.xml," ",,
Moreau3404_GBOOKS.xml," ",,
Moreau3406_MAZ.xml," ",,
Moreau3408_GBOOKS.xml," ",,
Moreau3409_GBOOKS.xml," ",,
Moreau3410_GBOOKS.xml," ",,
Moreau3411_GBOOKS.xml," ",,
Moreau3412_GBOOKS.xml," ",,
Moreau3413_GBOOKS.xml," ",,
Moreau3415_GBOOKS.xml," ",,
Moreau3416_GBOOKS.xml," ",,
Moreau3421_GBOOKS.xml," ",,
Moreau3422_GBOOKS.xml," ",,
Moreau3424_GALL.xml," ",,
Moreau3425_GALL.xml," ",,
Moreau3427_GBOOKS.xml," ",,
Moreau3428_GBOOKS.xml," ",,
Moreau3429_GBOOKS.xml," ",,
Moreau3430_GBOOKS.xml," ",,
Moreau3435_GBOOKS.xml," ",,
Moreau3439_GBOOKS.xml," ",,
Moreau3440_GBOOKS.xml," ",,
Moreau3441_GBOOKS.xml," ",,
Moreau3442_GBOOKS.xml," ",,
Moreau3443_GALL.xml," ",,
Moreau3445_GBOOKS.xml," ",,
Moreau3446_GBOOKS.xml," ",,
Moreau3448_GBOOKS.xml," ",,
Moreau3450_GBOOKS.xml," ",,
Moreau3454_GBOOKS.xml," ",,
Moreau3455_GBOOKS.xml," ",,
Moreau3459_GALL.xml," ",,
Moreau3460_GBOOKS.xml," ",,
Moreau3461_GALL.xml," ",,
Moreau3462_GBOOKS.xml," ",,
Moreau3463_MAZ.xml," ",,
Moreau3464_GBOOKS.xml," ",,
Moreau3466_GALL.xml," ",,
Moreau3467_MAZ.xml," ",,
Moreau3468_GBOOKS.xml," ",,
Moreau3471_GALL.xml," ",,
Moreau3472_GBOOKS.xml," ",,
Moreau3474_GBOOKS.xml," ",,
Moreau3475_MAZ.xml," ",,
Moreau3477_GBOOKS.xml," ",,
Moreau3478_MAZ.xml," ",,
Moreau3479_GBOOKS.xml," ",,
Moreau3480_GBOOKS.xml," ",,
Moreau3481_GALL.xml," ",,
Moreau3482_GALL.xml," ",,
Moreau3484_GBOOKS.xml," ",,
Moreau3485_GBOOKS.xml," ",,
Moreau3486_GBOOKS.xml," ",,
Moreau3487_GBOOKS.xml," ",,
Moreau3488_GALL.xml," ",,
Moreau3489_GALL.xml," ",,
Moreau3490_GBOOKS.xml," ",,
Moreau3492_GBOOKS.xml," ",,
Moreau3493_GBOOKS.xml," ",,
Moreau3494_GBOOKS.xml," ",,
Moreau3495_GBOOKS.xml," ",,
Moreau3496_GBOOKS.xml," ",,
Moreau3498_GBOOKS.xml," ",,
Moreau3499_GBOOKS.xml," ",,
Moreau3501_GALL.xml," ",,
Moreau3502_GBOOKS.xml," ",,
Moreau3503_GBOOKS.xml," ",,
Moreau3505_GALL.xml," ",,
Moreau3507_GALL.xml," ",,
Moreau3508_GBOOKS.xml," ",,
Moreau3510_GBOOKS.xml," ",,
Moreau3511_GBOOKS.xml," ",,
Moreau3512_GBOOKS.xml," ",,
Moreau3513_GBOOKS.xml," ",,
Moreau3515_MAZ.xml," ",,
Moreau3516_GBOOKS.xml," ",,
Moreau3517_GBOOKS.xml," ",,
Moreau3518_GALL.xml," ",,
Moreau3519_GBOOKS.xml," ",,
Moreau3521_GBOOKS.xml," ",,
Moreau3523_GBOOKS.xml," ",,
Moreau3525_GALL.xml," ",,
Moreau3526_GALL.xml," ",,
Moreau3527_GALL.xml," ",,
Moreau3529_GBOOKS.xml," ",,
Moreau3530_GALL.xml," ",,
Moreau3531_GBOOKS.xml," ",,
Moreau3533_MAZ.xml," ",,
Moreau3536_GBOOKS.xml," ",,
Moreau3537_GBOOKS.xml," ",,
Moreau3538_GALL.xml," ",,
Moreau3539_GBOOKS.xml," ",,
Moreau3540_GALL.xml," ",,
Moreau3541_GALL.xml," ",,
Moreau3542_GALL.xml," ",,
Moreau3544_GBOOKS.xml," ",,
Moreau3545_GBOOKS.xml," ",,
Moreau3546_GALL.xml," ",,
Moreau3548_GBOOKS.xml," ",,
Moreau3549_GBOOKS.xml," ",,
Moreau3550_GALL.xml," ",,
Moreau3552_GALL.xml," ",,
Moreau3553_GBOOKS.xml," ",,
Moreau3554_MAZ.xml," ",,
Moreau3555_GBOOKS.xml," ",,
Moreau3556_GBOOKS.xml," ",,
Moreau3557_GBOOKS.xml," ",,
Moreau3558_GALL.xml," ",,
Moreau3559_MAZ.xml," ",,
Moreau3560_GALL.xml," ",,
Moreau3561_MAZ.xml," ",,
Moreau3563_GBOOKS.xml," ",,
Moreau3564_GBOOKS.xml," ",,
Moreau3565_GBOOKS.xml," ",,
Moreau3566_GBOOKS.xml," ",,
Moreau3567_GALL.xml," ",,
Moreau3568_GBOOKS.xml," ",,
Moreau3569_GBOOKS.xml," ",,
Moreau3570_GBOOKS.xml," ",,
Moreau3572_GBOOKS.xml," ",,
Moreau3573_GALL.xml," ",,
Moreau3574_GBOOKS.xml," ",,
Moreau3575_GALL.xml," ",,
Moreau3576_MAZ.xml," ",,
Moreau3577_GALL.xml," ",,
Moreau3578_GALL.xml," ",,
Moreau3580_GBOOKS.xml," ",,
Moreau3582_GBOOKS.xml," ",,
Moreau3583_GBOOKS.xml," ",,
Moreau3584_GALL.xml," ",,
Moreau3585_GBOOKS.xml," ",,
Moreau3587_GALL.xml," ",,
Moreau3588_MAZ.xml," ",,
Moreau3589_MAZ.xml," ",,
Moreau3590_MAZ.xml," ",,
Moreau3591_GALL.xml," ",,
Moreau3593_GBOOKS.xml," ",,
Moreau3594_MAZ.xml," ",,
Moreau3595_GALL.xml," ",,
Moreau3596_GALL.xml," ",,
Moreau3597_GBOOKS.xml," ",,
Moreau3598_MAZ.xml," ",,
Moreau3600_GBOOKS.xml," ",,
Moreau3601_GBOOKS.xml," ",,
Moreau3603_GBOOKS.xml," ",,
Moreau3604_GBOOKS.xml," ",,
Moreau3605_GBOOKS.xml," ",,
Moreau3607_MAZ.xml," ",,
Moreau3608_GBOOKS.xml," ",,
Moreau3609_GALL.xml," ",,
Moreau3611_GBOOKS.xml," ",,
Moreau3612_GBOOKS.xml," ",,
Moreau3614_GBOOKS.xml," ",,
Moreau3615_GBOOKS.xml," ",,
Moreau3617_GBOOKS.xml," ",,
Moreau3620_MAZ.xml," ",,
Moreau3623_GBOOKS.xml," ",,
Moreau3626_GBOOKS.xml," ",,
Moreau3627_GBOOKS.xml," ",,
Moreau3628_GBOOKS.xml," ",,
Moreau3629_GBOOKS.xml," ",,
Moreau3630_GBOOKS.xml," ",,
Moreau3631_GBOOKS.xml," ",,
Moreau3632_GBOOKS.xml," ",,
Moreau3633_GBOOKS.xml," ",,
Moreau3634_GBOOKS.xml," ",,
Moreau3635_GBOOKS.xml," ",,
Moreau3638_GBOOKS.xml," ",,
Moreau3640_GBOOKS.xml," ",,
Moreau3643_GBOOKS.xml," ",,
Moreau3647_GBOOKS.xml," ",,
Moreau3648_MAZ.xml," ",,
Moreau3649_GBOOKS.xml," ",,
Moreau3650_GBOOKS.xml," ",,
Moreau3652_GALL.xml," ",,
Moreau3653_GBOOKS.xml," ",,
Moreau3654_GBOOKS.xml," ",,
Moreau3655_GBOOKS.xml," ",,
Moreau3656_GBOOKS.xml," ",,
Moreau3657_GBOOKS.xml," ",,
Moreau3659_GALL.xml," ",,
Moreau3660_GALL.xml," ",,
Moreau3661_GBOOKS.xml," ",,
Moreau3663_MAZ.xml," ",,
Moreau3665_GBOOKS.xml," ",,
Moreau3666_MAZ.xml," ",,
Moreau3667_GBOOKS.xml," ",,
Moreau3668_GBOOKS.xml," ",,
Moreau3669_GALL.xml," ",,
Moreau3670_GALL.xml," ",,
Moreau3671_GBOOKS.xml," ",,
Moreau3672_MAZ.xml," ",,
Moreau3674_GBOOKS.xml," ",,
Moreau3675_GBOOKS.xml," ",,
Moreau3678_GALL.xml," ",,
Moreau3679_MAZ.xml," ",,
Moreau3681_GBOOKS.xml," ",,
Moreau3682_GBOOKS.xml," ",,
Moreau3683_GBOOKS.xml," ",,
Moreau3684_GBOOKS.xml," ",,
Moreau3685_GBOOKS.xml," ",,
Moreau3686_GBOOKS.xml," ",,
Moreau3687_GALL.xml," ",,
Moreau3688_GBOOKS.xml," ",,
Moreau3689_GALL.xml," ",,
Moreau3690_GBOOKS.xml," ",,
Moreau3692_GALL.xml," ",,
Moreau3693_GBOOKS.xml," ",,
Moreau3695_GALL.xml," ",,
Moreau3698_GALL.xml," ",,
Moreau3700_GBOOKS.xml," ",,
Moreau3701_GBOOKS.xml," ",,
Moreau3702_GBOOKS.xml," ",,
Moreau3703_GBOOKS.xml," ",,
Moreau3705_MAZ.xml," ",,
Moreau3706_GALL.xml," ",,
Moreau3707_GBOOKS.xml," ",,
Moreau3708_GBOOKS.xml," ",,
Moreau3709_GALL.xml," ",,
Moreau3710_GALL.xml," ",,
Moreau3711_GALL.xml," ",,
Moreau3713_GBOOKS.xml," ",,
Moreau3714_GALL.xml," ",,
Moreau3715_GALL.xml," ",,
Moreau3717_GBOOKS.xml," ",,
Moreau3718_GALL.xml," ",,
Moreau3719_GBOOKS.xml," ",,
Moreau3720_MAZ.xml," ",,
Moreau3721_MAZ.xml," ",,
Moreau3723_GBOOKS.xml," ",,
Moreau3724_GBOOKS.xml," ",,
Moreau3725_GBOOKS.xml," ",,
Moreau3726_GBOOKS.xml," ",,
Moreau3727_MAZ.xml," ",,
Moreau3728_GBOOKS.xml," ",,
Moreau3730_GBOOKS.xml," ",,
Moreau3731_GBOOKS.xml," ",,
Moreau3732_GBOOKS.xml," ",,
Moreau3733_GBOOKS.xml," ",,
Moreau3734_GALL.xml," ",,
Moreau3737_GBOOKS.xml," ",,
Moreau3738_GBOOKS.xml," ",,
Moreau3739_GALL.xml," ",,
Moreau3740_GBOOKS.xml," ",,
Moreau3741_GBOOKS.xml," ",,
Moreau3742_GBOOKS.xml," ",,
Moreau3743_MAZ.xml," ",,
Moreau3746_GBOOKS.xml," ",,
Moreau3747_GALL.xml," ",,
Moreau3748_MAZ.xml," ",,
Moreau3749_GALL.xml," ",,
Moreau3750_GBOOKS.xml," ",,
Moreau3752_GBOOKS.xml," ",,
Moreau3753_MAZ.xml," ",,
Moreau3755_GALL.xml," ",,
Moreau3756_GBOOKS.xml," ",,
Moreau3757_GBOOKS.xml," ",,
Moreau3758_GALL.xml," ",,
Moreau3761_GALL.xml," ",,
Moreau3762_GBOOKS.xml," ",,
Moreau3763_GBOOKS.xml," ",,
Moreau3765_GALL.xml," ",,
Moreau3766_MAZ.xml," ",,
Moreau3767_MAZ.xml," ",,
Moreau3769_MAZ.xml," ",,
Moreau3770-i_MAZ.xml," ",,
Moreau3770-ii_MAZ.xml," ",,
Moreau3771_GALL.xml," ",,
Moreau3772_GBOOKS.xml," ",,
Moreau3774_GBOOKS.xml," ",,
Moreau3775_GBOOKS.xml," ",,
Moreau3777_MAZ.xml," ",,
Moreau3779_GALL.xml," ",,
Moreau3780_GBOOKS.xml," ",,
Moreau3781_GALL.xml," ",,
Moreau3782_GALL.xml," ",,
Moreau3783_GBOOKS.xml," ",,
Moreau3784_MAZ.xml," ",,
Moreau3785_GALL.xml," ",,
Moreau3786_GBOOKS.xml," ",,
Moreau3787_GALL.xml," ",,
Moreau3788_MAZ.xml," ",,
Moreau3789_GBOOKS.xml," ",,
Moreau3790_MAZ.xml," ",,
Moreau3792_GBOOKS.xml," ",,
Moreau3793_GBOOKS.xml," ",,
Moreau3794_GBOOKS.xml," ",,
Moreau3795_GBOOKS.xml," ",,
Moreau3796_GBOOKS.xml," ",,
Moreau3797_GBOOKS.xml," ",,
Moreau3801_GBOOKS.xml," ",,
Moreau3802_GALL.xml," ",,
Moreau3803_GBOOKS.xml," ",,
Moreau3804_GBOOKS.xml," ",,
Moreau3807_GBOOKS.xml," ",,
Moreau3808_GBOOKS.xml," ",,
Moreau3809_GBOOKS.xml," ",,
Moreau3810_GBOOKS.xml," ",,
Moreau3812_GBOOKS.xml," ",,
Moreau3813_GBOOKS.xml," ",,
Moreau3814_MAZ.xml," ",,
Moreau3816_GBOOKS.xml," ",,
Moreau3817_GBOOKS.xml," ",,
Moreau3818_GBOOKS.xml," ",,
Moreau3820_GBOOKS.xml," ",,
Moreau3821_GBOOKS.xml," ",,
Moreau3822_MAZ.xml," ",,
Moreau3823_GBOOKS.xml," ",,
Moreau3824_GBOOKS.xml," ",,
Moreau3827_GBOOKS.xml," ",,
Moreau3833_GBOOKS.xml," ",,
Moreau3834_GBOOKS.xml," ",,
Moreau3835_GBOOKS.xml," ",,
Moreau3837_GBOOKS.xml," ",,
Moreau3839_GBOOKS.xml," ",,
Moreau3840_GBOOKS.xml," ",,
Moreau3841_GBOOKS.xml," ",,
Moreau3844_GBOOKS.xml," ",,
Moreau3845_MAZ.xml," ",,
Moreau3846_GBOOKS.xml," ",,
Moreau3847_GALL.xml," ",,
Moreau3848_GALL.xml," ",,
Moreau3849_GALL.xml," ",,
Moreau3850_GALL.xml," ",,
Moreau3851_GALL.xml," ",,
Moreau3852_GALL.xml," ",,
Moreau3853_GALL.xml," ",,
Moreau3854_GALL.xml," ",,
Moreau3855_GALL.xml," ",,
Moreau3856_GBOOKS.xml," ",,
Moreau3857_GALL.xml," ",,
Moreau3858_GBOOKS.xml," ",,
Moreau3859_GALL.xml," ",,
Moreau3861_MAZ.xml," ",,
Moreau3862_GALL.xml," ",,
Moreau3864_GALL.xml," ",,
Moreau3865_GALL.xml," ",,
Moreau3866_GALL.xml," ",,
Moreau3867_GALL.xml," ",,
Moreau3868_GALL.xml," ",,
Moreau3869_GALL.xml," ",,
Moreau3870_GALL.xml," ",,
Moreau3871_GALL.xml," ",,
Moreau3872_GALL.xml," ",,
Moreau3876_GBOOKS.xml," ",,
Moreau3879_GBOOKS.xml," ",,
Moreau3881_GBOOKS.xml," ",,
Moreau3884_GBOOKS.xml," ",,
Moreau3885_GALL.xml," ",,
Moreau3886_GALL.xml," ",,
Moreau3887_GBOOKS.xml," ",,
Moreau3889_GBOOKS.xml," ",,
Moreau3890_GBOOKS.xml," ",,
Moreau3892_GBOOKS.xml," ",,
Moreau3895_GBOOKS.xml," ",,
Moreau3896_GALL.xml," ",,
Moreau3897_GBOOKS.xml," ",,
Moreau3899_GALL.xml," ",,
Moreau3900_MAZ.xml," ",,
Moreau3901_MAZ.xml," ",,
Moreau3902_GBOOKS.xml," ",,
Moreau3903_GBOOKS.xml," ",,
Moreau3904_GBOOKS.xml," ",,
Moreau3905_GBOOKS.xml," ",,
Moreau3906_GBOOKS.xml," ",,
Moreau3907_GBOOKS.xml," ",,
Moreau3910_GBOOKS.xml," ",,
Moreau3911_GBOOKS.xml," ",,
Moreau3912_GBOOKS.xml," ",,
Moreau3914_GBOOKS.xml," ",,
Moreau3915_GALL.xml," ",,
Moreau3916_GBOOKS.xml," ",,
Moreau3917_GALL.xml," ",,
Moreau3918_GBOOKS.xml," ",,
Moreau3919_GBOOKS.xml," ",,
Moreau3920_GBOOKS.xml," ",,
Moreau3921_GBOOKS.xml," ",,
Moreau3922_GBOOKS.xml," ",,
Moreau3923_MAZ.xml," ",,
Moreau3924_GBOOKS.xml," ",,
Moreau3925_GBOOKS.xml," ",,
Moreau3926_GBOOKS.xml," ",,
Moreau3927_GBOOKS.xml," ",,
Moreau3930_MAZ.xml," ",,
Moreau3932_MAZ.xml," ",,
Moreau3933_GBOOKS.xml," ",,
Moreau3934_GBOOKS.xml," ",,
Moreau3935_GALL.xml," ",,
Moreau3936_GBOOKS.xml," ",,
Moreau3937_GBOOKS.xml," ",,
Moreau3938_GBOOKS.xml," ",,
Moreau3940_GBOOKS.xml," ",,
Moreau3941_GBOOKS.xml," ",,
Moreau3942_GBOOKS.xml," ",,
Moreau3945_GBOOKS.xml," ",,
Moreau3947_MAZ.xml," ",,
Moreau3948_MAZ.xml," ",,
Moreau3950_GBOOKS.xml," ",,
Moreau3951_MAZ.xml," ",,
Moreau3952_GALL.xml," ",,
Moreau3955_GBOOKS.xml," ",,
Moreau3957_GBOOKS.xml," ",,
Moreau3960_GBOOKS.xml," ",,
Moreau3961_GBOOKS.xml," ",,
Moreau3962_MAZ.xml," ",,
Moreau3963_GBOOKS.xml," ",,
Moreau3964_MAZ.xml," ",,
Moreau3967_GBOOKS.xml," ",,
Moreau3969_GBOOKS.xml," ",,
Moreau3972_GBOOKS.xml," ",,
Moreau3973_GBOOKS.xml," ",,
Moreau3974_GBOOKS.xml," ",,
Moreau3975_GBOOKS.xml," ",,
Moreau3977_GBOOKS.xml," ",,
Moreau3979_GBOOKS.xml," ",,
Moreau3980_GBOOKS.xml," ",,
Moreau3983_GBOOKS.xml," ",,
Moreau3984_GALL.xml," ",,
Moreau3985_MAZ.xml," ",,
Moreau3986_GBOOKS.xml," ",,
Moreau3987_GALL.xml," ",,
Moreau3992_GBOOKS.xml," ",,
Moreau3993_GALL.xml," ",,
Moreau3995_MAZ.xml," ",,
Moreau3996_GBOOKS.xml," ",,
Moreau3997_GBOOKS.xml," ",,
Moreau3998_MAZ.xml," ",,
Moreau3999_GBOOKS.xml," ",,
Moreau4000_GBOOKS.xml," ",,
Moreau4001_GBOOKS.xml," ",,
Moreau4002_GBOOKS.xml," ",,
Moreau4003_GBOOKS.xml," ",,
Moreau4004_MAZ.xml," ",,
Moreau4007_GBOOKS.xml," ",,
Moreau4008_GALL.xml," ",,
Moreau4010_GBOOKS.xml," ",,
Moreau4014_GALL.xml," ",,
Moreau4015_MAZ.xml," ",,
Moreau4016_MAZ.xml," ",,
Moreau4017_MAZ.xml," ",,
Moreau4018_GALL.xml," ",,
Moreau4020_GALL.xml," ",,
Moreau4021_GALL.xml," ",,
Moreau4022_GBOOKS.xml," ",,
Moreau4026_MAZ.xml," ",,
Moreau4027_GBOOKS.xml," ",,
Moreau4029_GBOOKS.xml," ",,
Moreau4030_GBOOKS.xml," ",,
Moreau4031_GBOOKS.xml," ",,
Moreau4032_GBOOKS.xml," ",,
Moreau4033_GBOOKS.xml," ",,
Moreau4034_GALL.xml," ",,
Moreau4035_GALL.xml," ",,
Moreau4036_MAZ.xml," ",,
Moreau4037_GALL.xml," ",,
Moreau4038_MAZ.xml," ",,
Moreau4042_GBOOKS.xml," ",,
Moreau4043_GBOOKS.xml," ",,
Moreau4044_MAZ.xml," ",,
Moreau4045_GBOOKS.xml," ",,
Moreau4046_GALL.xml," ",,
Moreau4048_GALL.xml," ",,
Moreau4049_GBOOKS.xml," ",,
Moreau4050_GALL.xml," ",,
Moreau4051_GBOOKS.xml," ",,
Moreau4052_GBOOKS.xml," ",,
Moreau4054_GALL.xml," ",,
Moreau4056_GBOOKS.xml," ",,
Moreau4058_GBOOKS.xml," ",,
Moreau4059_GBOOKS.xml," ",,
Moreau4060_GBOOKS.xml," ",,
Moreau4061_GALL.xml," ",,
Moreau4062_GBOOKS.xml," ",,
Moreau4063_GALL.xml," ",,
Moreau4065_GBOOKS.xml," ",,
Moreau4066_MAZ.xml," ",,
Moreau4067_GBOOKS.xml," ",,
Moreau4068_GBOOKS.xml," ",,
Moreau4069_GBOOKS.xml," ",,
Moreau4071_GBOOKS.xml," ",,
Moreau4073_GBOOKS.xml," ",,
Moreau4074_GBOOKS.xml," ",,
Moreau4075_MAZ.xml," ",,
Moreau4076_GALL.xml," ",,
Moreau4078_GBOOKS.xml," ",,
Moreau4079_GBOOKS.xml," ",,
Moreau4080_GBOOKS.xml," ",,
Moreau4081_GBOOKS.xml," ",,
Moreau4082_GBOOKS.xml," ",,
Moreau402_GBOOKS.xml," ",,
Moreau403_GBOOKS.xml," ",,
Moreau406_GBOOKS.xml," ",,
Moreau409_GBOOKS.xml," ",,
Moreau411_GBOOKS.xml," ",,
Moreau412_MAZ.xml," ",,
Moreau413_GBOOKS.xml," ",,
Moreau416_GBOOKS.xml," ",,
Moreau421_GBOOKS.xml," ",,
Moreau422_GBOOKS.xml," ",,
Moreau423_GBOOKS.xml," ",,
Moreau424_GALL.xml," ",,
Moreau425_GBOOKS.xml," ",,
Moreau426_GBOOKS.xml," ",,
Moreau428_GBOOKS.xml," ",,
Moreau429_MAZ.xml," ",,
Moreau430_GBOOKS.xml," ",,
Moreau431_GBOOKS.xml," ",,
Moreau432_GALL.xml," ",,
Moreau434_GBOOKS.xml," ",,
Moreau435_GBOOKS.xml," ",,
Moreau439_GBOOKS.xml," ",,
Moreau442_GBOOKS.xml," ",,
Moreau445_GALL.xml," ",,
Moreau446-vi_GBOOKS.xml," ",,
Moreau447_GBOOKS.xml," ",,
Moreau449_GBOOKS.xml," ",,
Moreau450_GBOOKS.xml," ",,
Moreau451_GBOOKS.xml," ",,
Moreau452_GBOOKS.xml," ",,
Moreau453_GBOOKS.xml," ",,
Moreau454_GALL.xml," ",,
Moreau456_MAZ.xml," ",,
Moreau457_GBOOKS.xml," ",,
Moreau459_GBOOKS.xml," ",,
Moreau460_MAZ.xml," ",,
Moreau461_GBOOKS.xml," ",,
Moreau463_GBOOKS.xml," ",,
Moreau465-i_MAZ.xml," ",,
Moreau465-ii_MAZ.xml," ",,
Moreau465-iii_MAZ.xml," ",,
Moreau466_GBOOKS.xml," ",,
Moreau467_MAZ.xml," ",,
Moreau468_GBOOKS.xml," ",,
Moreau469_GBOOKS.xml," ",,
Moreau470_GBOOKS.xml," ",,
Moreau471_GALL.xml," ",,
Moreau472_GBOOKS.xml," ",,
Moreau473_MAZ.xml," ",,
Moreau474_MAZ.xml," ",,
Moreau475_MAZ.xml," ",,
Moreau476_MAZ.xml," ",,
Moreau478_GBOOKS.xml," ",,
Moreau479_GBOOKS.xml," ",,
Moreau480_GBOOKS.xml," ",,
Moreau483_MAZ.xml," ",,
Moreau486_GBOOKS.xml," ",,
Moreau487_GBOOKS.xml," ",,
Moreau488_GBOOKS.xml," ",,
Moreau489_MAZ.xml," ",,
Moreau491_GBOOKS.xml," ",,
Moreau492_GBOOKS.xml," ",,
Moreau494_GALL.xml," ",,
Moreau495_GBOOKS.xml," ",,
Moreau496_GBOOKS.xml," ",,
Moreau497_GALL.xml," ",,
Moreau498_GBOOKS.xml," ",,
Moreau499_GBOOKS.xml," ",,
Moreau500_GALL.xml," ",,
Moreau503_GBOOKS.xml," ",,
Moreau504_GALL.xml," ",,
Moreau505_MAZ.xml," ",,
Moreau506_GBOOKS.xml," ",,
Moreau507_GBOOKS.xml," ",,
Moreau508_GBOOKS.xml," ",,
Moreau511_GBOOKS.xml," ",,
Moreau512_GBOOKS.xml," ",,
Moreau514_MAZ.xml," ",,
Moreau517_GBOOKS.xml," ",,
Moreau518_GBOOKS.xml," ",,
Moreau521_GBOOKS.xml," ",,
Moreau522_GBOOKS.xml," ",,
Moreau523_GBOOKS.xml," ",,
Moreau525_GBOOKS.xml," ",,
Moreau527_GALL.xml," ",,
Moreau528_GBOOKS.xml," ",,
Moreau529_GBOOKS.xml," ",,
Moreau530_GBOOKS.xml," ",,
Moreau531_GBOOKS.xml," ",,
Moreau536_GBOOKS.xml," ",,
Moreau537_GBOOKS.xml," ",,
Moreau538_GBOOKS.xml," ",,
Moreau541_GBOOKS.xml," ",,
Moreau543_GBOOKS.xml," ",,
Moreau545_GBOOKS.xml," ",,
Moreau547_GBOOKS.xml," ",,
Moreau549_GBOOKS.xml," ",,
Moreau550_GBOOKS.xml," ",,
Moreau552_GBOOKS.xml," ",,
Moreau553_GBOOKS.xml," ",,
Moreau555_MAZ.xml," ",,
Moreau556-i_MAZ.xml," ",,
Moreau556-ii_MAZ.xml," ",,
Moreau556-iii_MAZ.xml," ",,
Moreau556-iv_MAZ.xml," ",,
Moreau556-v_MAZ.xml," ",,
Moreau556-vi_MAZ.xml," ",,
Moreau558_GBOOKS.xml," ",,
Moreau560_GALL.xml," ",,
Moreau561_GALL.xml," ",,
Moreau562_GALL.xml," ",,
Moreau563_GALL.xml," ",,
Moreau564_GALL.xml," ",,
Moreau565_GALL.xml," ",,
Moreau566_GALL.xml," ",,
Moreau567_MAZ.xml," ",,
Moreau568_GALL.xml," ",,
Moreau569_GALL.xml," ",,
Moreau570_GALL.xml," ",,
Moreau571_GALL.xml," ",,
Moreau572_GBOOKS.xml," ",,
Moreau573_GALL.xml," ",,
Moreau575_GALL.xml," ",,
Moreau576_GALL.xml," ",,
Moreau577_GALL.xml," ",,
Moreau578_GBOOKS.xml," ",,
Moreau580_MAZ.xml," ",,
Moreau581_GALL.xml," ",,
Moreau585_GBOOKS.xml," ",,
Moreau587_GBOOKS.xml," ",,
Moreau588_GBOOKS.xml," ",,
Moreau589_GBOOKS.xml," ",,
Moreau590_GBOOKS.xml," ",,
Moreau591_GBOOKS.xml," ",,
Moreau593_GBOOKS.xml," ",,
Moreau594_GBOOKS.xml," ",,
Moreau595_GBOOKS.xml," ",,
Moreau599_GBOOKS.xml," ",,
Moreau600_GALL.xml," ",,
Moreau601_GALL.xml," ",,
Moreau603_GBOOKS.xml," ",,
Moreau604_GALL.xml," ",,
Moreau605_GBOOKS.xml," ",,
Moreau606_GBOOKS.xml," ",,
Moreau610_GALL.xml," ",,
Moreau611_GALL.xml," ",,
Moreau612_MAZ.xml," ",,
Moreau613_GALL.xml," ",,
Moreau614_GALL.xml," ",,
Moreau615_GBOOKS.xml," ",,
Moreau616_MAZ.xml," ",,
Moreau617_MAZ.xml," ",,
Moreau618_GBOOKS.xml," ",,
Moreau619_GALL.xml," ",,
Moreau620_GBOOKS.xml," ",,
Moreau621_GBOOKS.xml," ",,
Moreau622_GBOOKS.xml," ",,
Moreau624_GALL.xml," ",,
Moreau626_GALL.xml," ",,
Moreau627_GBOOKS.xml," ",,
Moreau628_GBOOKS.xml," ",,
Moreau629_GALL.xml," ",,
Moreau630_GBOOKS.xml," ",,
Moreau631_GALL.xml," ",,
Moreau633_GBOOKS.xml," ",,
Moreau634_GALL.xml," ",,
Moreau635_GBOOKS.xml," ",,
Moreau636_GBOOKS.xml," ",,
Moreau638_GALL.xml," ",,
Moreau639_GBOOKS.xml," ",,
Moreau640_GBOOKS.xml," ",,
Moreau641_GALL.xml," ",,
Moreau642_GALL.xml," ",,
Moreau643_GALL.xml," ",,
Moreau644_GBOOKS.xml," ",,
Moreau645_GBOOKS.xml," ",,
Moreau646_GBOOKS.xml," ",,
Moreau647_GBOOKS.xml," ",,
Moreau648_MAZ.xml," ",,
Moreau650_GBOOKS.xml," ",,
Moreau651_GBOOKS.xml," ",,
Moreau652_MAZ.xml," ",,
Moreau657_GBOOKS.xml," ",,
Moreau658_GBOOKS.xml," ",,
Moreau659_MAZ.xml," ",,
Moreau662_GBOOKS.xml," ",,
Moreau663_GBOOKS.xml," ",,
Moreau665_GBOOKS.xml," ",,
Moreau666_GBOOKS.xml," ",,
Moreau667_GBOOKS.xml," ",,
Moreau668_GBOOKS.xml," ",,
Moreau669_GALL.xml," ",,
Moreau670_GBOOKS.xml," ",,
Moreau671_GBOOKS.xml," ",,
Moreau672_GBOOKS.xml," ",,
Moreau673_GBOOKS.xml," ",,
Moreau674_GALL.xml," ",,
Moreau675_GALL.xml," ",,
Moreau676_GBOOKS.xml," ",,
Moreau677_GBOOKS.xml," ",,
Moreau683_GBOOKS.xml," ",,
Moreau684_GBOOKS.xml," ",,
Moreau686_GALL.xml," ",,
Moreau687_MAZ.xml," ",,
Moreau688_GALL.xml," ",,
Moreau689_GALL.xml," ",,
Moreau690_GALL.xml," ",,
Moreau692_GBOOKS.xml," ",,
Moreau694_GALL.xml," ",,
Moreau696_GBOOKS.xml," ",,
Moreau698_GBOOKS.xml," ",,
Moreau701_GALL.xml," ",,
Moreau702_GBOOKS.xml," ",,
Moreau703_GBOOKS.xml," ",,
Moreau705_MAZ.xml," ",,
Moreau706_MAZ.xml," ",,
Moreau707_GALL.xml," ",,
Moreau708_GALL.xml," ",,
Moreau711_GBOOKS.xml," ",,
Moreau712_GALL.xml," ",,
Moreau713_GALL.xml," ",,
Moreau715_GALL.xml," ",,
Moreau716_GBOOKS.xml," ",,
Moreau717_GALL.xml," ",,
Moreau718_GBOOKS.xml," ",,
Moreau719_MAZ.xml," ",,
Moreau722_MAZ.xml," ",,
Moreau723_GALL.xml," ",,
Moreau725_GBOOKS.xml," ",,
Moreau726_GBOOKS.xml," ",,
Moreau727_GBOOKS.xml," ",,
Moreau729_MAZ.xml," ",,
Moreau730_GALL.xml," ",,
Moreau731_GBOOKS.xml," ",,
Moreau732_GBOOKS.xml," ",,
Moreau734_GBOOKS.xml," ",,
Moreau736_GBOOKS.xml," ",,
Moreau737_GBOOKS.xml," ",,
Moreau738_MAZ.xml," ",,
Moreau739_GBOOKS.xml," ",,
Moreau740_GBOOKS.xml," ",,
Moreau741_GBOOKS.xml," ",,
Moreau742_GBOOKS.xml," ",,
Moreau744_GBOOKS.xml," ",,
Moreau745_GBOOKS.xml," ",,
Moreau747_GBOOKS.xml," ",,
Moreau748_GBOOKS.xml," ",,
Moreau749_GBOOKS.xml," ",,
Moreau751_GBOOKS.xml," ",,
Moreau752_MAZ.xml," ",,
Moreau753_MAZ.xml," ",,
Moreau754_GALL.xml," ",,
Moreau756_GBOOKS.xml," ",,
Moreau757_GBOOKS.xml," ",,
Moreau758_MAZ.xml," ",,
Moreau759_GBOOKS.xml," ",,
Moreau760_GBOOKS.xml," ",,
Moreau761_GBOOKS.xml," ",,
Moreau762_GBOOKS.xml," ",,
Moreau763_MAZ.xml," ",,
Moreau764_GBOOKS.xml," ",,
Moreau765_GBOOKS.xml," ",,
Moreau766_GBOOKS.xml," ",,
Moreau767_GBOOKS.xml," ",,
Moreau770_GBOOKS.xml," ",,
Moreau771_GBOOKS.xml," ",,
Moreau773_GBOOKS.xml," ",,
Moreau774_GBOOKS.xml," ",,
Moreau775_GBOOKS.xml," ",,
Moreau776_GBOOKS.xml," ",,
Moreau777_GBOOKS.xml," ",,
Moreau778_GALL.xml," ",,
Moreau779_GBOOKS.xml," ",,
Moreau780_GBOOKS.xml," ",,
Moreau782_MAZ.xml," ",,
Moreau783_MAZ.xml," ",,
Moreau784_GBOOKS.xml," ",,
Moreau785_GBOOKS.xml," ",,
Moreau786_MAZ.xml," ",,
Moreau787_GBOOKS.xml," ",,
Moreau788_GALL.xml," ",,
Moreau789_GBOOKS.xml," ",,
Moreau790_MAZ.xml," ",,
Moreau791_GBOOKS.xml," ",,
Moreau792_GBOOKS.xml," ",,
Moreau793_GBOOKS.xml," ",,
Moreau795_GBOOKS.xml," ",,
Moreau796_GBOOKS.xml," ",,
Moreau797_GALL.xml," ",,
Moreau798_GBOOKS.xml," ",,
Moreau800_GBOOKS.xml," ",,
Moreau801_GBOOKS.xml," ",,
Moreau802_MAZ.xml," ",,
Moreau803_GBOOKS.xml," ",,
Moreau804_GBOOKS.xml," ",,
Moreau805_MAZ.xml," ",,
Moreau806_MAZ.xml," ",,
Moreau808_GBOOKS.xml," ",,
Moreau809_GBOOKS.xml," ",,
Moreau810_GBOOKS.xml," ",,
Moreau813_GALL.xml," ",,
Moreau814_GALL.xml," ",,
Moreau815_GALL.xml," ",,
Moreau816_GALL.xml," ",,
Moreau819_GBOOKS.xml," ",,
Moreau820_GBOOKS.xml," ",,
Moreau821_GALL.xml," ",,
Moreau822_GBOOKS.xml," ",,
Moreau823_GBOOKS.xml," ",,
Moreau824_GBOOKS.xml," ",,
Moreau825_GBOOKS.xml," ",,
Moreau826_GBOOKS.xml," ",,
Moreau827_GBOOKS.xml," ",,
Moreau829_GBOOKS.xml," ",,
Moreau830_GBOOKS.xml," ",,
Moreau831_GALL.xml," ",,
Moreau832_GBOOKS.xml," ",,
Moreau833-i_GBOOKS.xml," ",,
Moreau834_GBOOKS.xml," ",,
Moreau835_GBOOKS.xml," ",,
Moreau836_GALL.xml," ",,
Moreau837_MAZ.xml," ",,
Moreau838_GBOOKS.xml," ",,
Moreau839_MAZ.xml," ",,
Moreau841_GBOOKS.xml," ",,
Moreau843_GBOOKS.xml," ",,
Moreau844_GALL.xml," ",,
Moreau846_GBOOKS.xml," ",,
Moreau847_GBOOKS.xml," ",,
Moreau849_GBOOKS.xml," ",,
Moreau850_MAZ.xml," ",,
Moreau851_GBOOKS.xml," ",,
Moreau853_GBOOKS.xml," ",,
Moreau854_GALL.xml," ",,
Moreau856_MAZ.xml," ",,
Moreau857_GALL.xml," ",,
Moreau858_GALL.xml," ",,
Moreau860_GBOOKS.xml," ",,
Moreau861_GBOOKS.xml," ",,
Moreau863_GALL.xml," ",,
Moreau864_GBOOKS.xml," ",,
Moreau865_GBOOKS.xml," ",,
Moreau866_MAZ.xml," ",,
Moreau867_GALL.xml," ",,
Moreau868_GBOOKS.xml," ",,
Moreau870_GBOOKS.xml," ",,
Moreau871_MAZ.xml," ",,
Moreau872_MAZ.xml," ",,
Moreau875_GBOOKS.xml," ",,
Moreau876_GBOOKS.xml," ",,
Moreau877_GBOOKS.xml," ",,
Moreau881_GBOOKS.xml," ",,
Moreau883_GBOOKS.xml," ",,
Moreau884_GALL.xml," ",,
Moreau886_MAZ.xml," ",,
Moreau887_MAZ.xml," ",,
Moreau889_GBOOKS.xml," ",,
Moreau890_GBOOKS.xml," ",,
Moreau891_GBOOKS.xml," ",,
Moreau892_GBOOKS.xml," ",,
Moreau895_GBOOKS.xml," ",,
Moreau896_GBOOKS.xml," ",,
Moreau897_GBOOKS.xml," ",,
Moreau899_GBOOKS.xml," ",,
Moreau901_MAZ.xml," ",,
Moreau902_GBOOKS.xml," ",,
Moreau905_MAZ.xml," ",,
Moreau906_GBOOKS.xml," ",,
Moreau907_GBOOKS.xml," ",,
Moreau908_GBOOKS.xml," ",,
Moreau909_MAZ.xml," ",,
Moreau911_MAZ.xml," ",,
Moreau912_GBOOKS.xml," ",,
Moreau915_MAZ.xml," ",,
Moreau917_GBOOKS.xml," ",,
Moreau918_GBOOKS.xml," ",,
Moreau919_GBOOKS.xml," ",,
Moreau920_GBOOKS.xml," ",,
Moreau921_GBOOKS.xml," ",,
Moreau922_GBOOKS.xml," ",,
Moreau925_MAZ.xml," ",,
Moreau928_GBOOKS.xml," ",,
Moreau929_GBOOKS.xml," ",,
Moreau930_GBOOKS.xml," ",,
Moreau935_GBOOKS.xml," ",,
Moreau936_MAZ.xml," ",,
Moreau937_GBOOKS.xml," ",,
Moreau941_GBOOKS.xml," ",,
Moreau942_GBOOKS.xml," ",,
Moreau944_MAZ.xml," ",,
Moreau946_MAZ.xml," ",,
Moreau947_GBOOKS.xml," ",,
Moreau950_GBOOKS.xml," ",,
Moreau954_MAZ.xml," ",,
Moreau955_GBOOKS.xml," ",,
Moreau956_GBOOKS.xml," ",,
Moreau958_GBOOKS.xml," ",,
Moreau959_GBOOKS.xml," ",,
Moreau960_GBOOKS.xml," ",,
Moreau961_GBOOKS.xml," ",,
Moreau962_GBOOKS.xml," ",,
Moreau963_GBOOKS.xml," ",,
Moreau972_GBOOKS.xml," ",,
Moreau974_GBOOKS.xml," ",,
Moreau976_GBOOKS.xml," ",,
Moreau977_GBOOKS.xml," ",,
Moreau978_GBOOKS.xml," ",,
Moreau981_GBOOKS.xml," ",,
Moreau983_GBOOKS.xml," ",,
Moreau984_GBOOKS.xml," ",,
Moreau988_MAZ.xml," ",,
Moreau989_GBOOKS.xml," ",,
Moreau994_GBOOKS.xml," ",,
Moreau995_GALL.xml," ",,
Moreau997_GBOOKS.xml," ",,
Moreau999_GBOOKS.xml," ",,
Antonomaz1_GBOOKS.xml," ",,
BM48896_MAZ.xml," ",,
BM49017_MAZ.xml," ",,
BM49066_MAZ.xml," ",,
BM49067_MAZ.xml," ",,
BM49078_MAZ.xml," ",,
BM49086_MAZ.xml," ",,
BM49149_MAZ.xml," ",,
BM49193_MAZ.xml," ",,
BM49206_MAZ.xml," ",,
BM49209_MAZ.xml," ",,
BM49212_MAZ.xml," ",,
BM49240_MAZ.xml," ",,
BM49257_MAZ.xml," ",,
BM49258_MAZ.xml," ",,
BM49260_MAZ.xml," ",,
BM49261_MAZ.xml," ",,
BM49276_MAZ.xml," ",,
BM49283_MAZ.xml," ",,
BM49285_MAZ.xml," ",,
BM49286_MAZ.xml," ",,
BM49287_MAZ.xml," ",,
BM49295_MAZ.xml," ",,
BM49296_MAZ.xml," ",,
BM49359_MAZ.xml," ",,
BM49386_MAZ.xml," ",,
BM49393_MAZ.xml," ",,
BM49403_MAZ.xml," ",,
BM49418_MAZ.xml," ",,
BM49770_MAZ.xml," ",,
BM49773_MAZ.xml," ",,
BM49790_MAZ.xml," ",,
BM49794_MAZ.xml," ",,
BM49796_MAZ.xml," ",,
BM49797_MAZ.xml," ",,
BM49827_MAZ.xml," ",,
BM49829_MAZ.xml," ",,
BM49830_MAZ.xml," ",,
BM49840_MAZ.xml," ",,
BM49845_MAZ.xml," ",,
BM49846_MAZ.xml," ",,
BM50189_MAZ.xml," ",,
Labadie115_GALL.xml," ",,
Labadie12_BORD.xml," ",,
Labadie136_GBOOKS.xml," ",,
Labadie13_BOR.xml," ",,
Labadie141_GBOOKS.xml," ",,
Labadie144_GBOOKS.xml," ",,
Labadie145_GBOOKS.xml," ",,
Labadie146_GBOOKS.xml," ",,
Labadie148_GBOOKS.xml," ",,
Labadie149_GBOOKS.xml," ",,
Labadie150_GBOOKS.xml," ",,
Labadie151_GBOOKS.xml," ",,
Labadie152_GBOOKS.xml," ",,
Labadie156_GBOOKS.xml," ",,
Labadie157_GBOOKS.xml," ",,
Labadie158_GBOOKS.xml," ",,
Labadie159_GBOOKS.xml," ",,
Labadie160_GBOOKS.xml," ",,
Labadie173_GBOOKS.xml," ",,
Labadie180_GBOOKS.xml," ",,
Labadie201_GBOOKS.xml," ",,
Labadie243_MAZ.xml," ",,
Labadie244_GBOOKS.xml," ",,
Labadie252_GBOOKS.xml," ",,
Labadie264_GBOOKS.xml," ",,
Labadie267_MAZ.xml," ",,
Labadie284_MAZ.xml," ",,
Labadie287_GBOOKS.xml," ",,
Labadie292_GBOOKS.xml," ",,
Labadie299_MAZ.xml," ",,
Labadie307_GBOOKS.xml," ",,
Labadie311_GALL.xml," ",,
Labadie311_GBOOKS.xml," ",,
Labadie312_GBOOKS.xml," ",,
Labadie316_MAZ.xml," ",,
Labadie318_GBOOKS.xml," ",,
Labadie322_GBOOKS.xml," ",,
Labadie332_GALL.xml," ",,
Labadie334_GBOOKS.xml," ",,
Labadie335_MAZ.xml," ",,
Labadie3_MAZ.xml," ",,
Labadie50_MAZ.xml," ",,
Labadie58_MAZ.xml," ",,
Labadie63_MAZ.xml," ",,
Labadie66_MAZ.xml," ",,
Labadie88_MAZ.xml," ",,
Labadie90_MAZ.xml," ",,
Moreau1suppl100_MAZ.xml," ",,
Moreau1suppl118_GBOOKS.xml," ",,
Moreau1suppl120_MAZ.xml," ",,
Moreau1suppl126_GBOOKS.xml," ",,
Moreau1suppl129_GBOOKS.xml," ",,
Moreau1suppl12_GALL.xml," ",,
Moreau1suppl142_GBOOKS.xml," ",,
Moreau1suppl143_MAZ.xml," ",,
Moreau1suppl147_GBOOKS.xml," ",,
Moreau1suppl149_MAZ.xml," ",,
Moreau1suppl157_GBOOKS.xml," ",,
Moreau1suppl159_GBOOKS.xml," ",,
Moreau1suppl189_GBOOKS.xml," ",,
Moreau1suppl190_GBOOKS.xml," ",,
Moreau1suppl193_MAZ.xml," ",,
Moreau1suppl19_GBOOKS.xml," ",,
Moreau1suppl201_GBOOKS.xml," ",,
Moreau1suppl202_MAZ.xml," ",,
Moreau1suppl208_GBOOKS.xml," ",,
Moreau1suppl210_GBOOKS.xml," ",,
Moreau1suppl212_GBOOKS.xml," ",,
Moreau1suppl218_GALL.xml," ",,
Moreau1suppl221_GALL.xml," ",,
Moreau1suppl23_GBOOKS.xml," ",,
Moreau1suppl25_MAZ.xml," ",,
Moreau1suppl2_MAZ.xml," ",,
Moreau1suppl37_GALL.xml," ",,
Moreau1suppl49_GBOOKS.xml," ",,
Moreau1suppl50_MAZ.xml," ",,
Moreau1suppl51_GBOOKS.xml," ",,
Moreau1suppl52_GALL.xml," ",,
Moreau1suppl65_GBOOKS.xml," ",,
Moreau1suppl70_MAZ.xml," ",,
Moreau1suppl72_GBOOKS.xml," ",,
Moreau1suppl75_GBOOKS.xml," ",,
Moreau1suppl81_MAZ.xml," ",,
Moreau1suppl87_GBOOKS.xml," ",,
Moreau2suppl105_GBOOKS.xml," ",,
Moreau2suppl106_GBOOKS.xml," ",,
Moreau2suppl111_GBOOKS.xml," ",,
Moreau2suppl112_GBOOKS.xml," ",,
Moreau2suppl113_GBOOKS.xml," ",,
Moreau2suppl116_GBOOKS.xml," ",,
Moreau2suppl121_GBOOKS.xml," ",,
Moreau2suppl125_GBOOKS.xml," ",,
Moreau2suppl128_MAZ.xml," ",,
Moreau2suppl129_GBOOKS.xml," ",,
Moreau2suppl130_MAZ.xml," ",,
Moreau2suppl132_MAZ.xml," ",,
Moreau2suppl134_GBOOKS.xml," ",,
Moreau2suppl135_GBOOKS.xml," ",,
Moreau2suppl13_GBOOKS.xml," ",,
Moreau2suppl147_GALL.xml," ",,
Moreau2suppl148_MAZ.xml," ",,
Moreau2suppl149_MAZ.xml," ",,
Moreau2suppl151_GBOOKS.xml," ",,
Moreau2suppl156_GALL.xml," ",,
Moreau2suppl15_GBOOKS.xml," ",,
Moreau2suppl160_GALL.xml," ",,
Moreau2suppl174_GBOOKS.xml," ",,
Moreau2suppl175_GBOOKS.xml," ",,
Moreau2suppl176_GBOOKS.xml," ",,
Moreau2suppl185_MAZ.xml," ",,
Moreau2suppl188_GBOOKS.xml," ",,
Moreau2suppl193_GALL.xml," ",,
Moreau2suppl195_GBOOKS.xml," ",,
Moreau2suppl197_GBOOKS.xml," ",,
Moreau2suppl198_GBOOKS.xml," ",,
Moreau2suppl1_MAZ.xml," ",,
Moreau2suppl201_GALL.xml," ",,
Moreau2suppl203_GALL.xml," ",,
Moreau2suppl204_GALL.xml," ",,
Moreau2suppl207_GALL.xml," ",,
Moreau2suppl28_GBOOKS.xml," ",,
Moreau2suppl29_GBOOKS.xml," ",,
Moreau2suppl31_GALL.xml," ",,
Moreau2suppl33_GBOOKS.xml," ",,
Moreau2suppl43_GBOOKS.xml," ",,
Moreau2suppl46_GALL.xml," ",,
Moreau2suppl54_GALL.xml," ",,
Moreau2suppl61_MAZ.xml," ",,
Moreau2suppl62_MAZ.xml," ",,
Moreau2suppl64_GBOOKS.xml," ",,
Moreau2suppl65_GBOOKS.xml," ",,
Moreau2suppl66_GBOOKS.xml," ",,
Moreau2suppl6_GBOOKS.xml," ",,
Moreau2suppl7_MAZ.xml," ",,
Moreau2suppl84_GBOOKS.xml," ",,
Moreau2suppl85_MAZ.xml," ",,
Moreau2suppl88_GALL.xml," ",,
Moreau2suppl8_MAZ.xml," ",,
Moreau2suppl96_GBOOKS.xml," ",,
Moreau3suppl23_GALL.xml," ",,
Moreau3suppl27_GBOOKS.xml," ",,
Moreau3suppl3_GALL.xml," ",,
Moreau3suppl47_GALL.xml," ",,
Moreau3suppl49_GBOOKS.xml," ",,
Moreau3suppl4_MAZ.xml," ",,
Moreau3suppl51_GALL.xml," ",,
Moreau3suppl54_GBOOKS.xml," ",,
Moreau3suppl56_MAZ.xml," ",,
Moreau3suppl58_GALL.xml," ",,
Moreau3suppl5_GBOOKS.xml," ",,
Moreau3suppl62_MAZ.xml," ",,
Moreau3suppl74_GALL.xml," ",,
Moreau3suppl77_GBOOKS.xml," ",,
Moreau3suppl78_GBOOKS.xml," ",,
Moreau3suppl84_GBOOKS.xml," ",,
Moreau3suppl85_GBOOKS.xml," ",,
Moreau3suppl8_GBOOKS.xml," ",,
Moreau3suppl9_MAZ.xml," ",,
Socard102_GALL.xml," ",,
Socard24_GBOOKS.xml," ",,
Socard38_GBOOKS.xml," ",,
Socard40_GBOOKS.xml," ",,
Socard41_GBOOKS.xml," ",,
Socard48_GBOOKS.xml," ",,
Socard50_GBOOKS.xml," ",,
Socard51_GALL.xml," ",,
Socard58_MAZ.xml," ",,
Socard61_MAZ.xml," ",,
Socard62_GALL.xml," ",,
Socard63_GALL.xml," ",,
Socard68_GBOOKS.xml," ",,
Socard6_MAZ.xml," ",,
Socard70_GBOOKS.xml," ",,
Socard75_GBOOKS.xml," ",,
Socard77_MAZ.xml," ",,
Socard78_GBOOKS.xml," ",,
Socard79_MAZ.xml," ",,
Socard81_GBOOKS.xml," ",,
Socard84_MAZ.xml," ",,
Socard85_GALL.xml," ",,
Socard86_GBOOKS.xml," ",,
Socard87_GBOOKS.xml," ",,
Socard93_GBOOKS.xml," ",,
Socard9_GBOOKS.xml," ",,
